condition,run,step,attempt,parent_node,child_node,parent_script,child_script,parent_score,child_score,delta,category,category_secondary,is_param_tuning,added_summary,removed_summary,added_code_lines,removed_code_lines,param_changes,parent_report,mech_triggered_name,mech_triggered_desc,mech_triggered_code,mech_reuse_in_prompt,mech_reuse_prompt_nodes,mech_reuse_in_code,mech_reuse_code_nodes,mech_reuse_note,diff_file
VSD,seed1,1,11,0,11,0,11,0.25762,0.30071,0.0431,mechanism,,False,Murmur source switched from white to FFT-generated pink noise (1/f spectrum) to model fluid-turbulence roll-off; murmur amplitude re-expressed relative to S1 via a restrictive/unrestrictive severity branch; recording emitted at 16 kHz instead of 8 kHz.,White-noise murmur source and the broadband white-noise realism tail removed; direct severity-scaled murmur amplitude formula dropped; S1/S2 durations shortened.,"X_white = np.fft.rfft(np.random.randn(num_samples)) · freqs[0] = freqs[1] # Avoid division by zero · X_pink = X_white / np.sqrt(freqs) · noise = np.fft.irfft(X_pink, n=num_samples) · if severity < 0.5: · murmur_ratio = np.random.uniform(1.4, 2.0)","noise = np.random.randn(len(t)) · env = signal.windows.tukey(len(t), alpha=0.2) · murmur_amp = np.random.uniform(0.6, 1.8) * (1.2 - 0.4 * severity) · audio += np.random.randn(total_samples) * 0.005 · audio_8k = signal.resample_poly(audio, fs_output, fs_internal)",env_alpha=0.2->0.1; s1_dur=0.1->0.06; s2_dur=0.08->0.05; bg_cutoff=150->100; fs_output=8000->16000,"## Audio Signal-Space Discrepancy Report (MFCC + ZCR)
Reference (empirical sample): 60 files  |  Generated: 100 files  |  SR: 16000 Hz  |  MFCCs: 13  |  ZCR in score: yes
Overall overlap score: 0.2576  (1.0 = identical distributions)
| Feature                | Overlap | Mean Shift | Spread Ratio | Status |
### Observations
- Reference: 60 valid
- Generated: 100 valid
- Worst overlap: ZCR (overlap = 0.000).
- 4 under-diverse, 1 over-diverse (outside 0.5×–2.0× range).",use_pink_noise_for_murmurs,Replaces white noise with pink noise generated via FFT to more accurately model the spectral roll-off of fluid turbulence.,"X_pink = X_white / np.sqrt(freqs); noise = np.fft.irfft(X_pink, n=num_samples)",1,65;81;83;86;89,1,65;81;83;86;89,"Murmur remains FFT 1/f^k coloured noise on every later node (exponent drifts 0.75 at 65, back to 1/f^0.5 pink from 81 onward).",VSD_seed1_011.txt
VSD,seed1,2,65,11,65,11,65,0.30071,0.3631,0.06238,mechanism,heterogeneity,False,Murmur generator gains a mid-frequency IIR resonance peak and a separate 2nd-order HPF + 4th-order LPF; murmur noise colour deepens from pink to between pink and brown (1/f^0.75).,The single 4th-order bandpass murmur filter removed; murmur docstring no longer claims pure pink noise.,"X_noise = X_white / (freqs ** 0.75) · b_hp, a_hp = signal.butter(2, freq_band[0]/nyq, btype='high') · b_lp, a_lp = signal.butter(4, freq_band[1]/nyq, btype='low') · murmur = signal.filtfilt(b_hp, a_hp, noise) · w0 = np.random.uniform(300, 400) / nyq · b_res, a_res = signal.iirpeak(w0, 1.5)","b, a = signal.butter(4, [freq_band[0]/nyq, freq_band[1]/nyq], btype='band') · murmur = signal.filtfilt(b, a, noise) · X_pink = X_white / np.sqrt(freqs) · noise = np.fft.irfft(X_pink, n=num_samples)","fm_depth=20->30; s1_f0=80->uniform(50,80); s2_f0=120->uniform(80,120); s1_dur=0.06->0.08; s2_dur=0.05->0.06; murmur_low 150-250->80-150; murmur_high 500-800->400-600","## Audio Signal-Space Discrepancy Report (MFCC + ZCR)
Reference (empirical sample): 60 files  |  Generated: 100 files  |  SR: 16000 Hz  |  MFCCs: 13  |  ZCR in score: yes
Overall overlap score: 0.3007  (1.0 = identical distributions)
| Feature                | Overlap | Mean Shift | Spread Ratio | Status |
### Observations
- Reference: 60 valid
- Generated: 100 valid
- Worst overlap: MFCC-5 (overlap = 0.057).
- 7 under-diverse (outside 0.5×–2.0× range).",add_spectral_resonance,"Applies an IIR peak filter to the synthesized noise to introduce a resonant frequency band, simulating the harsh acoustic qualities of fluid turbulence.","b_res, a_res = signal.iirpeak(w0, 1.5)",1,81;83;86;89,1,81;83;86;89,iirpeak resonance applied to the murmur in every later node (Q tightened 1.5->1.0 and mix raised at 89).,VSD_seed1_065.txt
VSD,seed1,3,81,65,81,65,81,0.3631,0.49714,0.13405,heterogeneity,mechanism,False,"Murmur frequency band and resonance frequency become severity-dependent (restrictive VSD higher-pitched, unrestrictive lower-pitched) and a broadband pink-noise ambient layer is added under the rumble.",The severity-independent random murmur frequency ranges and the rumble-only background removed.,"if severity < 0.5: · murmur_low = np.random.uniform(100, 200) · murmur_high = np.random.uniform(400, 800) · res_freq = np.random.uniform(300, 500) · murmur_low = np.random.uniform(50, 100) · res_freq = np.random.uniform(150, 250)","w0 = np.random.uniform(300, 400) / nyq · murmur_low = np.random.uniform(80, 150) · murmur_high = np.random.uniform(400, 600) · bg_noise = np.random.randn(total_samples)",murmur_low sev-agnostic->sev split(100-200/50-100); murmur_high sev-agnostic->sev split(400-800/200-400); res_freq uniform(300-400)->sev split(300-500/150-250); murmur_ratio restrictive 1.0-1.5->0.2-0.6; unrestrictive 0.4-0.8->0.05-0.25,"## Audio Signal-Space Discrepancy Report (MFCC + ZCR)
Reference (empirical sample): 60 files  |  Generated: 100 files  |  SR: 16000 Hz  |  MFCCs: 13  |  ZCR in score: yes
Overall overlap score: 0.3631  (1.0 = identical distributions)
| Feature                | Overlap | Mean Shift | Spread Ratio | Status |
### Observations
- Reference: 60 valid
- Generated: 100 valid
- Worst overlap: ZCR (overlap = 0.033).
- 11 under-diverse (outside 0.5×–2.0× range).",severity_dependent_murmur_spectrum,Parameterizing the murmur's frequency band and resonance frequency based on disease severity to reflect the physiological acoustic differences between restrictive and unrestrictive defects.,"if severity < 0.5: murmur_low = np.random.uniform(100, 200); res_freq = np.random.uniform(300, 500)",1,83;86;89,1,83;86;89,"Severity branches for murmur_low/high/res_freq retained at 83/86/89 (ranges widened, not removed).",VSD_seed1_081.txt
VSD,seed1,4,83,81,83,81,83,0.49714,0.53619,0.03905,recording process,,False,A stethoscope-acoustic 2nd-order 1000 Hz low-pass filter is applied to the assembled audio to remove unnatural high-frequency hiss; the ambient noise floor colour deepens from pink to brown.,Pink broadband ambient replaced by brown; respiratory amplitude modulation cut from +-15% to +-3%; murmur duration extended slightly past S2 onset.,"murmur_dur = systole_dur + 0.03 · X_brown = X_white / freqs · ambient = np.fft.irfft(X_brown, n=total_samples) · b_steth, a_steth = signal.butter(2, 1000 / (0.5 * fs), btype='low') · audio = signal.filtfilt(b_steth, a_steth, audio)","X_pink = X_white / (freqs ** 0.5) · resp_mod = 1.0 + 0.15 * np.sin(2 * np.pi * resp_rate * t) · murmur = generate_murmur(duration=systole_dur, fs=fs, freq_band=murmur_band, res_freq=res_freq) * murmur_amp",resp_mod_depth=0.15->0.03; murmur_env_alpha=0.15->0.1; murmur_dur_ext=0.0->+0.03,"## Audio Signal-Space Discrepancy Report (MFCC + ZCR)
Reference (empirical sample): 60 files  |  Generated: 100 files  |  SR: 16000 Hz  |  MFCCs: 13  |  ZCR in score: yes
Overall overlap score: 0.4971  (1.0 = identical distributions)
| Feature                | Overlap | Mean Shift | Spread Ratio | Status |
### Observations
- Reference: 60 valid
- Generated: 100 valid
- Worst overlap: ZCR (overlap = 0.217).
- 4 under-diverse, 1 over-diverse (outside 0.5×–2.0× range).",apply_stethoscope_lowpass_filter,Applies a low-pass filter at 1000 Hz to the synthesized audio to simulate the acoustic attenuation of stethoscope tubing and remove unnatural high frequencies.,"b_steth, a_steth = signal.butter(2, 1000 / (0.5 * fs), btype='low'); audio = signal.filtfilt(b_steth, a_steth, audio)",1,86;89,1,86;89,"Stethoscope low-pass still applied to assembled audio at 86/89, cutoff made a per-recording random parameter.",VSD_seed1_083.txt
VSD,seed1,5,86,83,86,83,86,0.53619,0.55643,0.02024,heterogeneity,,False,"S1/S2 heart-sound durations and murmur duration are now drawn per beat; heart-sound base-frequency ranges widen; murmur Tukey-alpha, rumble cutoff and stethoscope cutoff become per-recording random parameters; noise levels increase.","Fixed S1/S2 durations (0.08/0.06 s), fixed murmur extension, and fixed 100 Hz rumble / 1000 Hz stethoscope cutoffs removed.","s1_dur = np.random.uniform(0.06, 0.10) · s2_dur = np.random.uniform(0.04, 0.08) · murmur_dur = systole_dur + np.random.uniform(0.01, 0.05) · murmur_alpha = np.random.uniform(0.1, 0.5) · rumble_cutoff = np.random.uniform(50, 200) · steth_cutoff = np.random.uniform(500, 1200)","s1 = generate_heart_sound(f0=s1_f0, duration=0.08, fs=fs) * s1_amp · b, a = signal.butter(2, 100 / (0.5 * fs), btype='low') · b_steth, a_steth = signal.butter(2, 1000 / (0.5 * fs), btype='low')","s1_f0 range 50-80->40-90; s2_f0 range 80-120->70-130; noise_level 0.02-0.08->0.02-0.15; murmur band/ratio ranges widened per severity; murmur_alpha fixed 0.1->uniform(0.1,0.5)","## Audio Signal-Space Discrepancy Report (MFCC + ZCR)
Reference (empirical sample): 60 files  |  Generated: 100 files  |  SR: 16000 Hz  |  MFCCs: 13  |  ZCR in score: yes
Overall overlap score: 0.5362  (1.0 = identical distributions)
| Feature                | Overlap | Mean Shift | Spread Ratio | Status |
### Observations
- Reference: 60 valid
- Generated: 100 valid
- Worst overlap: ZCR (overlap = 0.327).
- 5 under-diverse (outside 0.5×–2.0× range).",randomize_heart_sound_durations,Replaces fixed durations for S1 and S2 heart sounds with uniformly sampled random values to increase temporal diversity in the synthesized cardiac cycles.,"s1_dur = np.random.uniform(0.06, 0.10) s2_dur = np.random.uniform(0.04, 0.08)",1,89,1,89,Verbatim s1_dur/s2_dur uniform draws kept at node 89.,VSD_seed1_086.txt
VSD,seed1,6,89,86,89,86,89,0.55643,0.5869,0.03048,mechanism,heterogeneity,False,"Introduces a Membranous/Muscular subtype split (80/20): muscular VSDs get a shorter decrescendo murmur envelope (attack + exponential decay), while the membranous plateau envelope gains slight low-frequency amplitude modulation; resonance broadened and mixed louder.",The single holosystolic Tukey plateau envelope used for every murmur removed.,"if envelope_type == 'plateau': · am = 1.0 - 0.15 * np.sin(2 * np.pi * np.random.uniform(15, 40) * t) · env = env * am · elif envelope_type == 'decrescendo': · decay = np.exp(-t_decay) · env = np.concatenate((attack, decay))","env = signal.windows.tukey(num_samples, alpha=alpha) · murmur = generate_murmur(duration=murmur_dur, fs=fs, freq_band=murmur_band, res_freq=res_freq, alpha=murmur_alpha) * murmur_amp · murmur_dur = systole_dur + np.random.uniform(0.01, 0.05) · b_res, a_res = signal.iirpeak(res_freq / nyq, 1.5) · murmur = murmur + 0.6 * murmur_res",res_Q=1.5->1.0; res_mix=0.6->0.8; noise_level 0.02-0.15->0.05-0.25; steth_cutoff 500-1200->300-1500; ambient_frac 0.05-0.2->0.1-0.4,"## Audio Signal-Space Discrepancy Report (MFCC + ZCR)
Reference (empirical sample): 60 files  |  Generated: 100 files  |  SR: 16000 Hz  |  MFCCs: 13  |  ZCR in score: yes
Overall overlap score: 0.5564  (1.0 = identical distributions)
| Feature                | Overlap | Mean Shift | Spread Ratio | Status |
### Observations
- Reference: 60 valid
- Generated: 100 valid
- Worst overlap: ZCR (overlap = 0.327).
- 2 under-diverse (outside 0.5×–2.0× range).",physiological_subtype_temporal_envelopes,Models distinct physiological subtypes by applying different temporal envelopes (plateau with amplitude modulation vs. exponential decrescendo) and adjusting signal duration.,if envelope_type == 'plateau': ... elif envelope_type == 'decrescendo': ...,1,,,,Terminal best node; no later lineage code to reuse it.,VSD_seed1_089.txt
VSD,seed2,1,2,0,2,0,2,0.25762,0.37738,0.11976,mechanism,heterogeneity,False,"New generate_pink_noise helper feeds murmur, low-frequency rumble and ambient with 1/f noise; heart-sound base frequencies and durations become per-recording random draws; respiratory modulation removed for VSD respiratory invariance.","White-noise murmur source, broadband white-noise realism tail, and the respiratory amplitude-modulation block removed; output moved to 16 kHz.","def generate_pink_noise(num_samples): · X_white = np.fft.rfft(np.random.randn(num_samples)) · freqs[0] = freqs[1]  # Avoid division by zero · X_pink = X_white / np.sqrt(freqs) · return np.fft.irfft(X_pink, n=num_samples) · noise = generate_pink_noise(num_samples)","noise = np.random.randn(len(t)) · resp_mod = 1.0 + 0.15 * np.sin(2 * np.pi * resp_rate * t) · audio *= resp_mod · audio += np.random.randn(total_samples) * 0.005 · audio_8k = signal.resample_poly(audio, fs_output, fs_internal)","env_alpha=0.2->0.1; s1_f0=80->uniform(70,90); s2_f0=120->uniform(100,130); s1_dur=0.1->uniform(0.05,0.08); s2_dur=0.08->uniform(0.04,0.06); murmur_low 150-300->200-300; murmur_high 500-900->600-800; fs_output 8000->16000","## Audio Signal-Space Discrepancy Report (MFCC + ZCR)
Reference (empirical sample): 60 files  |  Generated: 100 files  |  SR: 16000 Hz  |  MFCCs: 13  |  ZCR in score: yes
Overall overlap score: 0.2576  (1.0 = identical distributions)
| Feature                | Overlap | Mean Shift | Spread Ratio | Status |
### Observations
- Reference: 60 valid
- Generated: 100 valid
- Worst overlap: ZCR (overlap = 0.000).
- 4 under-diverse, 1 over-diverse (outside 0.5×–2.0× range).",replace_white_with_pink_noise,Replaces white noise with pink noise for murmur and background noise generation to better model the energy roll-off of fluid turbulence and prevent unrealistic zero-crossing rates.,generate_pink_noise(num_samples),1,69;70;81,1,69;70;81,generate_pink_noise() called verbatim in all later lineage nodes.,VSD_seed2_002.txt
VSD,seed2,2,69,2,69,2,69,0.37738,0.39476,0.01738,heterogeneity,mechanism|recording process,False,Introduces ~20% muscular-VSD subtype: generate_murmur gains an is_muscular branch producing a shorter decrescendo murmur envelope ending before S2; a global stethoscope 1000 Hz low-pass is applied to the assembled audio and the ambient layer is low-passed at 800 Hz.,The uniform holosystolic plateau murmur and the unfiltered pink ambient removed; murmur bandpass softened 4th->3rd order.,"if is_muscular: · decay = np.linspace(1.0, 0.0, num_samples) · env = env * decay · murmur_dur = systole_dur * np.random.uniform(0.6, 0.85) · b_amb, a_amb = signal.butter(2, 800 / (0.5 * fs), btype='low') · audio += ambient * np.random.uniform(0.002, 0.01)","b, a = signal.butter(4, [freq_band[0]/nyq, freq_band[1]/nyq], btype='band') · audio += ambient * 0.002 · env = signal.windows.tukey(num_samples, alpha=0.1) · murmur = generate_murmur(duration=systole_dur, fs=fs, freq_band=murmur_band) * murmur_amp",murmur_filter_order=4->3; s1_f0 range 70-90->50-80; s2_f0 range 100-130->70-110; noise_level 0.02-0.08->0.02-0.15; murmur_amp 0.6-1.8->0.4-2.0 base,"## Audio Signal-Space Discrepancy Report (MFCC + ZCR)
Reference (empirical sample): 60 files  |  Generated: 100 files  |  SR: 16000 Hz  |  MFCCs: 13  |  ZCR in score: yes
Overall overlap score: 0.3774  (1.0 = identical distributions)
| Feature                | Overlap | Mean Shift | Spread Ratio | Status |
### Observations
- Reference: 60 valid
- Generated: 100 valid
- Worst overlap: MFCC-5 (overlap = 0.000).
- 9 under-diverse (outside 0.5×–2.0× range).",,,,,,,,,VSD_seed2_069.txt
VSD,seed2,3,70,69,70,69,70,0.39476,0.41929,0.02452,heterogeneity,mechanism,False,"Murmur cutoff frequencies become a deterministic linear function of severity (murmur_low = 300-150*severity, murmur_high = 800-500*severity) and the murmur spectrum is shaped by separate 4th-order HPF/LPF plus a centre-frequency resonance peak.",Per-recording uniform-random murmur band ranges and the 3rd-order bandpass removed; plateau-envelope alpha fixed instead of randomised.,"murmur_low = 300 - 150 * severity · murmur_high = 800 - 500 * severity · b_hp, a_hp = signal.butter(4, murmur_low / nyq, btype='high') · b_lp, a_lp = signal.butter(4, murmur_high / nyq, btype='low') · center_freq = (murmur_low + murmur_high) / 2 · b_res, a_res = signal.iirpeak(center_freq / nyq, 1.5)","b, a = signal.butter(3, [freq_band[0]/nyq, freq_band[1]/nyq], btype='band') · murmur_low = np.random.uniform(100, 250) · murmur_high = np.random.uniform(500, 900) · env = signal.windows.tukey(num_samples, alpha=np.random.uniform(0.1, 0.3))",murmur_low uniform(100-250)->300-150*severity; murmur_high uniform(500-900)->800-500*severity; envelope alpha uniform(0.1-0.3)->0.1,"## Audio Signal-Space Discrepancy Report (MFCC + ZCR)
Reference (empirical sample): 60 files  |  Generated: 100 files  |  SR: 16000 Hz  |  MFCCs: 13  |  ZCR in score: yes
Overall overlap score: 0.3948  (1.0 = identical distributions)
| Feature                | Overlap | Mean Shift | Spread Ratio | Status |
### Observations
- Reference: 60 valid
- Generated: 100 valid
- Worst overlap: MFCC-4 (overlap = 0.093).
- 5 under-diverse (outside 0.5×–2.0× range).",severity_dependent_frequency_mapping,Derives the lower and upper cutoff frequencies of the murmur bandpass filter as a linear function of defect severity to model the physiological relationship between defect size and pitch.,murmur_low = 300 - 150 * severity murmur_high = 800 - 500 * severity,1,81,1,81,murmur_low/high severity mapping retained verbatim at node 81.,VSD_seed2_070.txt
VSD,seed2,4,81,70,81,70,81,0.41929,0.44786,0.02857,mechanism,,False,Murmur high-pass filter order reduced 4->2 so low-frequency pink noise bleeds through naturally; the murmur resonance-peak block is removed and the stethoscope low-pass cutoff lowered to 800 Hz.,The 4th-order HPF and the iirpeak resonance blend removed.,"Uses a gentler high-pass filter to allow natural low-frequency bleed from the pink noise · # 2nd-order Butterworth High-Pass Filter for a gentler roll-off · b_hp, a_hp = signal.butter(2, murmur_low / nyq, btype='high') · b_steth, a_steth = signal.butter(2, 800 / (0.5 * fs), btype='low')","b_hp, a_hp = signal.butter(4, murmur_low / nyq, btype='high') · center_freq = (murmur_low + murmur_high) / 2 · b_res, a_res = signal.iirpeak(center_freq / nyq, 1.5) · res_sig = signal.filtfilt(b_res, a_res, noise) · murmur = murmur + 0.5 * res_sig · b_steth, a_steth = signal.butter(2, 1000 / (0.5 * fs), btype='low')",hp_filter_order=4->2; steth_cutoff=1000->800,"## Audio Signal-Space Discrepancy Report (MFCC + ZCR)
Reference (empirical sample): 60 files  |  Generated: 100 files  |  SR: 16000 Hz  |  MFCCs: 13  |  ZCR in score: yes
Overall overlap score: 0.4193  (1.0 = identical distributions)
| Feature                | Overlap | Mean Shift | Spread Ratio | Status |
### Observations
- Reference: 60 valid
- Generated: 100 valid
- Worst overlap: MFCC-4 (overlap = 0.177).
- 3 under-diverse (outside 0.5×–2.0× range).",decrease_high_pass_filter_order,"Decreasing the high-pass filter order provides a gentler roll-off that allows more natural low-frequency energy to pass, improving the spectral balance of the synthesized signal.","b_hp, a_hp = signal.butter(2, murmur_low / nyq, btype='high')",1,,,,Terminal best node; no later lineage code to reuse it.,VSD_seed2_081.txt
VSD,seed3,1,1,0,1,0,1,0.22262,0.28595,0.06333,mechanism,,False,Murmur source changed from white to FFT pink noise (1/f) with a 350 Hz resonance re-filtered to strict band limits; murmur amplitude set louder (+3 to +6 dB vs S1); ambient white noise replaced by 800 Hz low-passed noise; respiratory modulation reduced; output contract set to 16 kHz / 10 s / 100 files.,White-noise murmur source and the broadband white-noise realism tail removed.,"S = np.sqrt(np.arange(1, len(X) + 1)) · X_pink = X / S · noise = np.fft.irfft(X_pink, n=N) · b_peak, a_peak = signal.iirpeak(350, 1.5, fs) · murmur = murmur + 0.5 * murmur_peak · murmur = signal.filtfilt(b, a, murmur)","noise = np.random.randn(len(t)) · env = signal.windows.tukey(len(t), alpha=0.2) · audio += np.random.randn(total_samples) * 0.005 · audio_8k = signal.resample_poly(audio, fs_output, fs_internal)",murmur_amp 0.6-1.8*(1.2-0.4sev)->1.4-2.0*(1.0-0.4sev); s1_dur=0.1->0.065; s2_dur=0.08->0.05; env_alpha=0.2->0.1; resp_mod=0.15->0.05; fs_output=8000->16000,"## Audio Signal-Space Discrepancy Report (MFCC + ZCR)
Reference (empirical sample): 60 files  |  Generated: 20 files  |  SR: 16000 Hz  |  MFCCs: 13  |  ZCR in score: yes
Overall overlap score: 0.2226  (1.0 = identical distributions)
| Feature                | Overlap | Mean Shift | Spread Ratio | Status |
### Observations
- Reference: 60 valid
- Generated: 20 valid
- Worst overlap: ZCR (overlap = 0.000).
- 5 under-diverse, 1 over-diverse (outside 0.5×–2.0× range).",replace_white_with_pink_noise,Replaces white noise with pink noise (1/f spectrum) to more accurately model the energy roll-off of fluid turbulence and reduce excessively high zero-crossing rates.,"X = np.fft.rfft(white); S = np.sqrt(np.arange(1, len(X) + 1)); X_pink = X / S; noise = np.fft.irfft(X_pink, n=N)",1,28;31;39;40;64;66,1,28;31;39;40;64;66,"FFT coloured-noise generator persists for the murmur through every later node; the exact 1/f^0.5 pink is kept at 28/39, steepened to 1/f^0.85 at 31 and 1/f^1.0 (brown) from 40 onward, so the generator idea survives though the pink colour is superseded.",VSD_seed3_001.txt
VSD,seed3,2,28,1,28,1,28,0.28595,0.29119,0.00524,mechanism,,False,S1/S2 heart-sound generator switched to an asymmetric envelope (peak at ~1/3) plus a low-passed broadband transient to mimic the valve-closure snap; murmur frequency band lowered to 50-100/400-600 Hz and murmur amplitude rebalanced against S1/S2.,The smooth beta-like heart-sound envelope with no transient removed; murmur no longer +3..+6 dB relative to S1.,"env = (t / duration) ** 1.5 * (1 - t / duration) ** 3 · f_t = f0 - 30 * (t / duration) · noise = np.random.randn(len(t)) · b, a = signal.butter(2, 400 / (0.5 * fs), btype='low') · sound = sound + 0.25 * noise · murmur_low = np.random.uniform(50, 100)","env = (t / duration) ** 2 * (1 - t / duration) ** 2 · sound = env * np.sin(phase) · murmur_low = np.random.uniform(150, 250) · murmur_high = np.random.uniform(500, 700)",murmur_low 150-250->50-100; murmur_high 500-700->400-600; murmur_amp 1.4-2.0*(1-0.4sev)->0.6-1.5*(1-0.3sev); res_freq 350->300; res_mix 0.5->0.4; bg_cutoff 150->100; ambient_cutoff 800->500; fm_depth 20->30,"## Audio Signal-Space Discrepancy Report (MFCC + ZCR)
Reference (empirical sample): 60 files  |  Generated: 100 files  |  SR: 16000 Hz  |  MFCCs: 13  |  ZCR in score: yes
Overall overlap score: 0.2860  (1.0 = identical distributions)
| Feature                | Overlap | Mean Shift | Spread Ratio | Status |
### Observations
- Reference: 60 valid
- Generated: 100 valid
- Worst overlap: MFCC-6 (overlap = 0.000).
- 5 under-diverse (outside 0.5×–2.0× range).",,,,,,,,,VSD_seed3_028.txt
VSD,seed3,3,31,28,31,28,31,0.29119,0.48286,0.19167,mechanism,heterogeneity,False,"Murmur noise roll-off steepened from 1/f^0.5 to 1/f^0.85; murmur spectrum and amplitude mapped from severity (loud high-pitched small defects, soft low-pitched large defects); a ~20% muscular subtype receives a shorter decrescendo murmur; transient and ambient cutoffs lowered to 200 Hz.",The flat pink 1/f^0.5 murmur colour and the severity-agnostic murmur band removed.,"S = np.power(np.arange(1, len(X) + 1), 0.85) · is_muscular = np.random.uniform(0, 1) > 0.8 · env_type = 'decrescendo' · murmur_dur_ratio = np.random.uniform(0.5, 0.85) · decay = np.linspace(1.0, 0.0, N) · murmur_low = np.random.uniform(150, 250) * (1 - severity) + np.random.uniform(50, 100) * severity","S = np.sqrt(np.arange(1, len(X) + 1)) · murmur_low = np.random.uniform(50, 100) · murmur_high = np.random.uniform(400, 600) · murmur_amp = np.random.uniform(0.6, 1.5) * (1.0 - 0.3 * severity)",noise_exponent=0.5->0.85; transient_cutoff=400->200; transient_mix=0.25->0.1; ambient_cutoff=500->200; s2 accent 0.4->0.5*severity,"## Audio Signal-Space Discrepancy Report (MFCC + ZCR)
Reference (empirical sample): 60 files  |  Generated: 100 files  |  SR: 16000 Hz  |  MFCCs: 13  |  ZCR in score: yes
Overall overlap score: 0.2912  (1.0 = identical distributions)
| Feature                | Overlap | Mean Shift | Spread Ratio | Status |
### Observations
- Reference: 60 valid
- Generated: 100 valid
- Worst overlap: MFCC-6 (overlap = 0.110).
- 9 under-diverse (outside 0.5×–2.0× range).",steepen_noise_spectral_rolloff,Increases the exponent of the frequency-dependent scaling factor during noise generation to produce a steeper spectral roll-off and reduce excessive high-frequency energy.,"S = np.power(np.arange(1, len(X) + 1), 0.85)",1,39;40;64;66,1,39;40;64;66,"Roll-off exponent stays >=0.85 at 39 and is pushed to 1.0 (murmur) / variable 0.8-2.2 (ambient) in nodes 40, 64, 66.",VSD_seed3_031.txt
VSD,seed3,4,39,31,39,31,39,0.48286,0.46976,-0.0131,mechanism,recording process,False,Murmur envelope gets low-frequency random turbulence modulation to break up the static plateau; murmur spectral mapping switches to a discrete small/large-VSD severity branch; S1/S2 f0 and durations become per-recording draws; a continuous pink noise floor plus stronger variable-cutoff rumble are added to the background.,The continuous-severity interpolation for murmur band/amplitude and the fixed 100 Hz rumble removed.,"turbulence = np.random.randn(N) · b_t, a_t = signal.butter(2, 15 / nyq, btype='low') · env = env * (1.0 + 0.3 * turbulence) · if severity < 0.5: · murmur_low = np.random.uniform(150, 300) · murmur_high = np.random.uniform(400, 900)","murmur_low = np.random.uniform(150, 250) * (1 - severity) + np.random.uniform(50, 100) * severity · murmur_amp = np.random.uniform(0.8, 1.5) * (1 - severity) + np.random.uniform(0.15, 0.5) * severity · audio += ambient * 0.005","rumble_cutoff 100->uniform(40,120); noise_level 0.01-0.06->0.05-0.25; s1_f0 80->uniform(60,100); s1_dur 0.065->uniform(0.07,0.12); s2_f0 120->uniform(90,140); s2_dur 0.05->uniform(0.05,0.09)","## Audio Signal-Space Discrepancy Report (MFCC + ZCR)
Reference (empirical sample): 60 files  |  Generated: 100 files  |  SR: 16000 Hz  |  MFCCs: 13  |  ZCR in score: yes
Overall overlap score: 0.4829  (1.0 = identical distributions)
| Feature                | Overlap | Mean Shift | Spread Ratio | Status |
### Observations
- Reference: 60 valid
- Generated: 100 valid
- Worst overlap: ZCR (overlap = 0.193).
- 3 under-diverse (outside 0.5×–2.0× range).",,,,,,,,,VSD_seed3_039.txt
VSD,seed3,5,40,39,40,39,40,0.46976,0.5919,0.12214,recording process,,False,Continuous ambient noise floor switched from pink to brown noise (1/f^2) and a global 4th-order 1200 Hz Butterworth low-pass is applied to the final assembled audio to emulate body/stethoscope attenuation.,The full-bandwidth pink noise floor removed.,"S = np.arange(1, len(X) + 1, dtype=float) · X_brown = X / S · ambient_noise = np.fft.irfft(X_brown, n=total_samples) · audio += ambient_noise * ambient_noise_level · b_global, a_global = signal.butter(4, 1200 / (0.5 * fs), btype='low') · audio = signal.filtfilt(b_global, a_global, audio)","S = np.sqrt(np.arange(1, len(X) + 1)) · X_pink = X / S · pink_noise = np.fft.irfft(X_pink, n=total_samples) · audio += pink_noise * pink_noise_level",ambient colour pink(0.5)->brown(1.0); pink_noise_level renamed ambient_noise_level (range kept 0.005-0.04),"## Audio Signal-Space Discrepancy Report (MFCC + ZCR)
Reference (empirical sample): 60 files  |  Generated: 100 files  |  SR: 16000 Hz  |  MFCCs: 13  |  ZCR in score: yes
Overall overlap score: 0.4698  (1.0 = identical distributions)
| Feature                | Overlap | Mean Shift | Spread Ratio | Status |
### Observations
- Reference: 60 valid
- Generated: 100 valid
- Worst overlap: ZCR (overlap = 0.160).
- 1 over-diverse (outside 0.5×–2.0× range).",apply_global_lowpass_filter,Applies a global 4th-order Butterworth low-pass filter at 1200 Hz to the final assembled audio to simulate the acoustic attenuation of body tissue and the stethoscope.,"b_global, a_global = signal.butter(4, 1200 / (0.5 * fs), btype='low'); audio = signal.filtfilt(b_global, a_global, audio)",1,64;66,1,64;66,"Global low-pass kept at 64/66 as an SOS filter with a per-recording randomised cutoff (500-1100, then 600-1800 Hz).",VSD_seed3_040.txt
VSD,seed3,6,64,40,64,40,64,0.5919,0.59905,0.00714,mechanism,recording process,False,"Murmur bandpass replaced with a gentle 2nd-order SOS high-pass plus a steeper 4th-order SOS low-pass (retaining low-frequency turbulence, avoiding the 'floating block'); murmur noise roll-off steepened to 1/f^1.0 with stronger resonance; global stethoscope low-pass cutoff randomised per recording (500-1100 Hz).",The strict 4th-order bandpass murmur filter and the fixed 1200 Hz global low-pass removed.,"sos_hp = signal.butter(2, freq_band[0]/nyq, btype='high', output='sos') · sos_lp = signal.butter(4, freq_band[1]/nyq, btype='low', output='sos') · murmur = signal.sosfiltfilt(sos_hp, noise) · murmur = signal.sosfiltfilt(sos_lp, murmur) · S = np.power(np.arange(1, len(X) + 1), 1.0) · sos_global = signal.butter(4, global_lp_cutoff / (0.5 * fs), btype='low', output='sos')","b, a = signal.butter(4, [freq_band[0]/nyq, freq_band[1]/nyq], btype='band') · murmur = signal.filtfilt(b, a, noise) · b_global, a_global = signal.butter(4, 1200 / (0.5 * fs), btype='low') · audio = signal.filtfilt(b_global, a_global, audio)","noise_exponent=0.85->1.0; res_position 0.3->0.4 of band; res_Q=1.5->2.0; res_mix=0.4->0.5; turb_cutoff=15->10; turb_depth=0.3->0.4; global_lp_cutoff 1200->uniform(500,1100)","## Audio Signal-Space Discrepancy Report (MFCC + ZCR)
Reference (empirical sample): 60 files  |  Generated: 100 files  |  SR: 16000 Hz  |  MFCCs: 13  |  ZCR in score: yes
Overall overlap score: 0.5919  (1.0 = identical distributions)
| Feature                | Overlap | Mean Shift | Spread Ratio | Status |
### Observations
- Reference: 60 valid
- Generated: 100 valid
- Worst overlap: ZCR (overlap = 0.473).
- 1 under-diverse, 1 over-diverse (outside 0.5×–2.0× range).",,,,,,,,,VSD_seed3_064.txt
VSD,seed3,7,66,64,66,64,66,0.59905,0.61071,0.01167,recording process,heterogeneity,False,"Ambient noise-floor colour becomes a per-recording random variable (spectral exponent uniform 0.8-2.2, spanning pink to brown) and the global low-pass cutoff range is widened to 600-1800 Hz so the acoustic background varies across the corpus.",The fixed brown (1/f^2) ambient floor and the narrow global-cutoff range removed.,"S = np.power(np.arange(1, len(X) + 1, dtype=float), ambient_noise_color) · X_colored = X / S · ambient_noise = np.fft.irfft(X_colored, n=total_samples) · ambient_noise_color = np.random.uniform(0.8, 2.2) # From slightly pinker than pink to Brownian · global_lp_cutoff = np.random.uniform(600, 1800)","S = np.arange(1, len(X) + 1, dtype=float) · X_brown = X / S · ambient_noise = np.fft.irfft(X_brown, n=total_samples)","ambient_noise_level 0.01-0.08->0.01-0.15; ambient_noise_color fixed 1.0->uniform(0.8,2.2); alpha 0.2-0.6->0.1-0.4; global_lp_cutoff 500-1100->600-1800","## Audio Signal-Space Discrepancy Report (MFCC + ZCR)
Reference (empirical sample): 60 files  |  Generated: 100 files  |  SR: 16000 Hz  |  MFCCs: 13  |  ZCR in score: yes
Overall overlap score: 0.5990  (1.0 = identical distributions)
| Feature                | Overlap | Mean Shift | Spread Ratio | Status |
### Observations
- Reference: 60 valid
- Generated: 100 valid
- Worst overlap: MFCC-8 (overlap = 0.500).
- 2 under-diverse (outside 0.5×–2.0× range).",,,,,,,,,VSD_seed3_066.txt
AS,seed1,1,1,0,1,0,1,0.11602,0.11759,0.00156,mechanism,recording process,False,"Murmur and ambient noise are now generated from pink noise (1/f) instead of white noise, adding a realistic low-frequency baseline; an S4 component is added for severe AS and murmur onset/offset are tied to S1/S2 durations.",White-noise murmur/ambient with fixed murmur start (+0.05 s) and murmur_duration=systole-0.07 removed; S1/S2 centre frequencies lowered to 40 Hz with shorter durations.,def generate_pink_noise(n_samples): · noise = generate_pink_noise(n_samples) · pink = generate_pink_noise(n_samples) · NUM_SAMPLES = 100 · t_murmur_start = t_s1 + s1_duration + 0.03 · murmur_duration = t_s2 - 0.02 - t_murmur_start,"noise = np.random.randn(n_samples) · b, a = signal.butter(4, [150, 400], btype='bandpass', fs=fs) · ambient = signal.filtfilt(b, a, noise) · NUM_SAMPLES = 20 · s2_intensity = 1.0 - 0.7 * severity · t_murmur_start = current_time + 0.05","NUM_SAMPLES=20->100; noise_level=U(0.01,0.05)->U(0.05,0.15); systole_dur_coef=0.30->0.35; murmur_intensity=0.2+0.8s->0.5+1.5s; s2_intensity=1.0-0.7s->1.0-s; s1_freq=50->40; s1_dur=0.1->0.06; s2_freq=70->40; s2_dur=0.08->0.06","## Audio Signal-Space Discrepancy Report (MFCC + ZCR)
Reference (empirical sample): 37 files  |  Generated: 20 files  |  SR: 16000 Hz  |  MFCCs: 13  |  ZCR in score: yes
Overall overlap score: 0.1160  (1.0 = identical distributions)
| Feature                | Overlap | Mean Shift | Spread Ratio | Status |
### Observations
- Reference: 37 valid
- Generated: 20 valid
- Worst overlap: MFCC-5 (overlap = 0.000).
- 8 under-diverse (outside 0.5×–2.0× range).",,,,,,,,,AS_seed1_001.txt
AS,seed1,2,2,1,2,1,2,0.11759,0.13759,0.02,mechanism,,False,"Heart sounds are rebuilt with a fast-attack/exponential-decay envelope plus a slight downward frequency sweep (replacing the symmetric Gaussian Gabor), and an ejection-click (EC) component is added for mild/moderate AS; murmur/ambient filtering is moved to SOS.",Gaussian-windowed Gabor generator removed; murmur bandpass changed from b/a filtfilt 150-400 Hz to SOS 150-500 Hz with added normalization and a 0.33 amplitude scale.,"def generate_heart_sound(freq, duration, fs): · envelope[:attack_samples] = np.sin(np.linspace(0, np.pi/2, attack_samples)) · decay_curve = np.exp(-np.linspace(0, decay_time, decay_samples) / tau) · f_t = np.linspace(freq + 15, freq - 5, len(t)) · sos = signal.butter(2, [150, 500], btype='bandpass', fs=fs, output='sos') · filtered_noise *= 0.33","def generate_gabor_wavelet(freq, duration, fs, phase=0.0): · envelope = np.exp(-0.5 * ((t - mu) / sigma)**2) · wave = np.sin(2 * np.pi * freq * t + phase) * envelope · b, a = signal.butter(2, [150, 400], btype='bandpass', fs=fs) · filtered_noise = signal.filtfilt(b, a, noise) · s2 = generate_gabor_wavelet(freq=40, duration=s2_duration, fs=FS_INTERNAL)","murmur_bp=[150,400]->[150,500]; murmur_scale=1.0->0.33 (after peak/amp normalization)","## Audio Signal-Space Discrepancy Report (MFCC + ZCR)
Reference (empirical sample): 37 files  |  Generated: 100 files  |  SR: 16000 Hz  |  MFCCs: 13  |  ZCR in score: yes
Overall overlap score: 0.1176  (1.0 = identical distributions)
| Feature                | Overlap | Mean Shift | Spread Ratio | Status |
### Observations
- Reference: 37 valid
- Generated: 100 valid
- Worst overlap: MFCC-1 (overlap = 0.000).
- 6 under-diverse (outside 0.5×–2.0× range).",,,,,,,,,AS_seed1_002.txt
AS,seed1,3,3,2,3,2,3,0.13759,0.24805,0.11046,heterogeneity,,False,"Murmur band edges (f_low/f_high) and the background-noise cutoff become per-sample draws (murmur cutoffs severity-scaled, f_low~U(150,200)+50s, f_high~U(400,600)+150s) and S1/S2/EC/S4 centre frequencies are randomized; the murmur bandpass order is raised to 4.","Fixed murmur bandpass [150,500], fixed 100 Hz background lowpass, and fixed component frequencies (S1/S2=40, EC=250, S4=30) removed.","sos = signal.butter(4, [f_low, f_high], btype='bandpass', fs=fs, output='sos') · murmur_f_low = np.random.uniform(150, 200) + 50 * severity · murmur_f_high = np.random.uniform(400, 600) + 150 * severity · bg_cutoff = np.random.uniform(80, 150) · s1_freq = np.random.uniform(35, 45) · s2_freq = np.random.uniform(35, 45)","sos = signal.butter(2, [150, 500], btype='bandpass', fs=fs, output='sos') · sos = signal.butter(2, 100, btype='lowpass', fs=fs, output='sos') · s1 = generate_heart_sound(freq=40, duration=s1_duration, fs=FS_INTERNAL) · ec = generate_heart_sound(freq=250, duration=0.02, fs=FS_INTERNAL) · s2 = generate_heart_sound(freq=40, duration=s2_duration, fs=FS_INTERNAL) · s4 = generate_heart_sound(freq=30, duration=0.05, fs=FS_INTERNAL)",,"## Audio Signal-Space Discrepancy Report (MFCC + ZCR)
Reference (empirical sample): 37 files  |  Generated: 100 files  |  SR: 16000 Hz  |  MFCCs: 13  |  ZCR in score: yes
Overall overlap score: 0.1376  (1.0 = identical distributions)
| Feature                | Overlap | Mean Shift | Spread Ratio | Status |
### Observations
- Reference: 37 valid
- Generated: 100 valid
- Worst overlap: MFCC-1 (overlap = 0.000).
- 7 under-diverse, 1 over-diverse (outside 0.5×–2.0× range).",add_frequency_randomization,Introduced stochastic variation to heart sound frequencies and murmur filter cutoffs to increase spectral diversity and simulate physiological variability.,"s1_freq = np.random.uniform(35, 45)",1,5;7;22,1,5;7;22,"Later lineage scripts keep per-sample frequency draws (s1_freq/s2_freq/s4_freq) and randomized murmur band cutoffs, implementing the same spectral-diversity idea.",AS_seed1_003.txt
AS,seed1,4,5,3,5,3,5,0.24805,0.30902,0.06097,recording process,calibration,False,"Adds a global acoustic low-pass filter (sosfiltfilt, 500 Hz) over the mixed audio buffer to emulate body-tissue/stethoscope attenuation; murmur intensity is sharply cut to 0.1+0.4s and murmur band edges fixed to lower random ranges (100-150 / 250-400 Hz).","Severity-linked murmur band edges (f_low=U(150,200)+50s, f_high=U(400,600)+150s) and the loud murmur intensity (0.5+1.5s) removed; murmur filtering switched from one-pass sosfilt to zero-phase sosfiltfilt.","sos_body = signal.butter(2, 500, btype='lowpass', fs=FS_INTERNAL, output='sos') · audio_buffer = signal.sosfiltfilt(sos_body, audio_buffer) · murmur_intensity = 0.1 + 0.4 * severity · murmur_f_low = np.random.uniform(100, 150) · murmur_f_high = np.random.uniform(250, 400) · filtered_noise = signal.sosfiltfilt(sos, noise)","murmur_intensity = 0.5 + 1.5 * severity · murmur_f_low = np.random.uniform(150, 200) + 50 * severity · murmur_f_high = np.random.uniform(400, 600) + 150 * severity · filtered_noise = signal.sosfilt(sos, noise)","noise_level=U(0.05,0.15)->U(0.05,0.20); murmur_intensity=0.5+1.5s->0.1+0.4s; s2_intensity=1.0-s->1.0-0.7s; s4_factor=0.3->0.2; bg_cutoff=U(80,150)->U(60,120)","## Audio Signal-Space Discrepancy Report (MFCC + ZCR)
Reference (empirical sample): 37 files  |  Generated: 100 files  |  SR: 16000 Hz  |  MFCCs: 13  |  ZCR in score: yes
Overall overlap score: 0.2481  (1.0 = identical distributions)
| Feature                | Overlap | Mean Shift | Spread Ratio | Status |
### Observations
- Reference: 37 valid
- Generated: 100 valid
- Worst overlap: MFCC-1 (overlap = 0.000).
- 1 over-diverse (outside 0.5×–2.0× range).",add_global_acoustic_lowpass_filter,Applies a global low-pass filter to the synthesized audio buffer to simulate the acoustic attenuation of high frequencies by body tissue and the stethoscope.,"sos_body = signal.butter(2, 500, btype='lowpass', fs=FS_INTERNAL, output='sos'); audio_buffer = signal.sosfiltfilt(sos_body, audio_buffer)",1,7;22,1,7;22,Global body low-pass on the audio buffer is retained at node 7 (300 Hz) and node 22 (randomized 150-400 Hz cutoff).,AS_seed1_005.txt
AS,seed1,5,7,5,7,5,7,0.30902,0.41427,0.10525,calibration,,True,"Body low-pass cutoff lowered from 500 to 300 Hz, noise_level raised to 0.10-0.25, murmur intensity trimmed to 0.1+0.3s, and the murmur/background filter ranges tightened downward.","Wider murmur band (100-150 / 250-400 Hz), louder murmur (0.1+0.4s), 500 Hz body-filter cutoff, and the previous noise range removed.","sos_body = signal.butter(2, 300, btype='lowpass', fs=FS_INTERNAL, output='sos') · noise_level = np.random.uniform(0.10, 0.25) · murmur_intensity = 0.1 + 0.3 * severity · murmur_f_low = np.random.uniform(90, 130) · murmur_f_high = np.random.uniform(200, 300) · bg_cutoff = np.random.uniform(50, 100)","sos_body = signal.butter(2, 500, btype='lowpass', fs=FS_INTERNAL, output='sos') · noise_level = np.random.uniform(0.05, 0.20) · murmur_intensity = 0.1 + 0.4 * severity · murmur_f_low = np.random.uniform(100, 150) · murmur_f_high = np.random.uniform(250, 400) · bg_cutoff = np.random.uniform(60, 120)","noise_level=U(0.05,0.20)->U(0.10,0.25); murmur_intensity=0.1+0.4s->0.1+0.3s; sos_body_cutoff=500->300; murmur_f_low=U(100,150)->U(90,130); murmur_f_high=U(250,400)->U(200,300); bg_cutoff=U(60,120)->U(50,100)","## Audio Signal-Space Discrepancy Report (MFCC + ZCR)
Reference (empirical sample): 37 files  |  Generated: 100 files  |  SR: 16000 Hz  |  MFCCs: 13  |  ZCR in score: yes
Overall overlap score: 0.3090  (1.0 = identical distributions)
| Feature                | Overlap | Mean Shift | Spread Ratio | Status |
### Observations
- Reference: 37 valid
- Generated: 100 valid
- Worst overlap: MFCC-3 (overlap = 0.141).
- 1 over-diverse (outside 0.5×–2.0× range).",lower_acoustic_lowpass_cutoff,Lowered the cutoff frequency of the global acoustic low-pass filter from 500 Hz to 300 Hz to better simulate body tissue attenuation and reduce unrealistic high-frequency zero crossings.,"sos_body = signal.butter(2, 300, btype='lowpass', fs=FS_INTERNAL, output='sos')",1,22,,,"Node 22 keeps a global body low-pass but randomizes its cutoff (150-400 Hz), superseding the specific fixed 300 Hz lowering rather than applying it; token-match lines are unrelated butter() calls.",AS_seed1_007.txt
AS,seed1,6,22,7,22,7,22,0.41427,0.42875,0.01448,heterogeneity,,False,"Fixed global body-filter cutoff becomes a per-sample draw (lp_cutoff~U(150,400)) and murmur intensity becomes random (U(0.05,0.20)+0.10s); noise_level raised to 0.2-0.5, S1/S2 frequency ranges widened to 30-60, and the murmur bandpass order dropped to 2.","Fixed 300 Hz body-filter cutoff, deterministic murmur intensity (0.1+0.3s), the previous noise range, and the 4th-order murmur bandpass removed.","lp_cutoff = np.random.uniform(150, 400) · sos_body = signal.butter(2, lp_cutoff, btype='lowpass', fs=FS_INTERNAL, output='sos') · murmur_intensity = np.random.uniform(0.05, 0.20) + 0.10 * severity · noise_level = np.random.uniform(0.2, 0.5) · s1_freq = np.random.uniform(30, 60) · sos = signal.butter(2, [f_low, f_high], btype='bandpass', fs=fs, output='sos')","sos_body = signal.butter(2, 300, btype='lowpass', fs=FS_INTERNAL, output='sos') · murmur_intensity = 0.1 + 0.3 * severity · noise_level = np.random.uniform(0.10, 0.25) · s1_freq = np.random.uniform(35, 50) · sos = signal.butter(4, [f_low, f_high], btype='bandpass', fs=fs, output='sos')","noise_level=U(0.10,0.25)->U(0.2,0.5); murmur_intensity=0.1+0.3s->U(0.05,0.20)+0.10s; murmur_f_low=U(90,130)->U(100,150); murmur_f_high=U(200,300)->U(250,400); bg_cutoff=U(50,100)->U(40,100); s1_freq=U(35,50)->U(30,60); s2_freq=U(35,50)->U(30,60); sos_body_cutoff=300->U(150,400); murmur_bp_order=4->2","## Audio Signal-Space Discrepancy Report (MFCC + ZCR)
Reference (empirical sample): 37 files  |  Generated: 100 files  |  SR: 16000 Hz  |  MFCCs: 13  |  ZCR in score: yes
Overall overlap score: 0.4143  (1.0 = identical distributions)
| Feature                | Overlap | Mean Shift | Spread Ratio | Status |
### Observations
- Reference: 37 valid
- Generated: 100 valid
- Worst overlap: MFCC-5 (overlap = 0.191).
- 2 under-diverse (outside 0.5×–2.0× range).",,,,,,,,,AS_seed1_022.txt
AS,seed2,1,8,0,8,0,8,0.13925,0.17625,0.03701,mechanism,heterogeneity,False,"Murmur turbulence becomes pink noise (1/f) band-passed with a per-sample random centre/Q (f0~U(200,300), Q~U(1.5,2.0)) and ambient noise becomes brown noise (1/f^2) rumble (bandpass 2-100 Hz); S4 is added for severe AS and murmur timing is bounded by S1/S2.",White-noise murmur band-passed 150-400 Hz and white-noise ambient low-passed at 100 Hz removed; fixed murmur start (+0.05s)/duration (systole-0.07) and the single S2 tone replaced.,"def generate_pink_noise(n_samples): · def generate_brown_noise(n_samples): · pink_noise = generate_pink_noise(n_samples) · f0 = np.random.uniform(200, 300) · Q = np.random.uniform(1.5, 2.0) · brown = generate_brown_noise(n_samples)","noise = np.random.randn(n_samples) · b, a = signal.butter(4, [150, 400], btype='bandpass', fs=fs) · ambient = signal.filtfilt(b, a, noise) · s2_intensity = 1.0 - 0.7 * severity · s1 = generate_gabor_wavelet(freq=50, duration=0.1, fs=FS_INTERNAL) · murmur_duration = systole_duration - 0.07","heart_rate=U(60,100)->U(60,90); noise_level=U(0.01,0.05)->U(0.05,0.15); systole_dur_coef=0.30->0.35; murmur_intensity=0.2+0.8s->0.5+1.5s; s2_intensity=1.0-0.7s->max(0,1.0-1.2s); s1_freq=50->U(40,50); s1_dur=0.1->0.08; s2_freq=70->U(50,70); s2_dur=0.08->0.06","## Audio Signal-Space Discrepancy Report (MFCC + ZCR)
Reference (empirical sample): 37 files  |  Generated: 100 files  |  SR: 16000 Hz  |  MFCCs: 13  |  ZCR in score: yes
Overall overlap score: 0.1392  (1.0 = identical distributions)
| Feature                | Overlap | Mean Shift | Spread Ratio | Status |
### Observations
- Reference: 37 valid
- Generated: 100 valid
- Worst overlap: MFCC-6 (overlap = 0.000).
- 6 under-diverse (outside 0.5×–2.0× range).",simulate_physiology_with_colored_noise,Replaces white noise with pink (1/f) and brown (1/f^2) noise to more accurately model the spectral characteristics of turbulent fluid dynamics and low-frequency sensor rumble.,generate_pink_noise(n_samples) and generate_brown_noise(n_samples),1,14;34;49;63,1,14;34;49;63,Pink/brown noise generators are retained and used for murmur and ambient noise in every later lineage script.,AS_seed2_008.txt
AS,seed2,2,14,8,14,8,14,0.17625,0.37575,0.1995,recording process,calibration,False,"Adds a body/chest acoustic low-pass on the mixed buffer (sosfiltfilt, cutoff~U(200,400)) to emulate tissue attenuation, switches murmur/ambient filtering to SOS with the ambient high edge lowered to 1 Hz, and reduces murmur intensity to 0.3+0.7s.",b/a-filtfilt murmur bandpass and 2-100 Hz ambient band removed; audio previously saved without the body low-pass; louder murmur intensity (0.5+1.5s) removed.,"sos = signal.butter(2, [low, high], btype='bandpass', fs=fs, output='sos') · filtered_noise = signal.sosfiltfilt(sos, pink_noise) · sos = signal.butter(2, [1.0, 100.0], btype='bandpass', fs=fs, output='sos') · body_lpf_cutoff = np.random.uniform(200.0, 400.0) · sos_body = signal.butter(2, body_lpf_cutoff, btype='lowpass', fs=FS_INTERNAL, output='sos') · audio_buffer = signal.sosfiltfilt(sos_body, audio_buffer)","b, a = signal.butter(2, [low, high], btype='bandpass', fs=fs) · filtered_noise = signal.filtfilt(b, a, pink_noise) · b, a = signal.butter(2, [2.0, 100.0], btype='bandpass', fs=fs) · ambient = signal.filtfilt(b, a, brown) · murmur_intensity = 0.5 + 1.5 * severity","noise_level=U(0.05,0.15)->U(0.1,0.25); murmur_intensity=0.5+1.5s->0.3+0.7s; ambient_hp=2.0->1.0 Hz","## Audio Signal-Space Discrepancy Report (MFCC + ZCR)
Reference (empirical sample): 37 files  |  Generated: 100 files  |  SR: 16000 Hz  |  MFCCs: 13  |  ZCR in score: yes
Overall overlap score: 0.1763  (1.0 = identical distributions)
| Feature                | Overlap | Mean Shift | Spread Ratio | Status |
### Observations
- Reference: 37 valid
- Generated: 100 valid
- Worst overlap: ZCR (overlap = 0.000).
- 5 under-diverse (outside 0.5×–2.0× range).",simulate_body_tissue_attenuation,Applies a low-pass filter with a randomized cutoff frequency to the synthesized audio buffer to simulate the natural attenuation of high frequencies by body tissues.,"body_lpf_cutoff = np.random.uniform(200.0, 400.0); sos_body = signal.butter(2, body_lpf_cutoff, btype='lowpass', fs=FS_INTERNAL, output='sos'); audio_buffer = signal.sosfiltfilt(sos_body, audio_buffer",1,34;49;63,1,34;49;63,Body/chest low-pass on the mixed buffer is retained at nodes 34/49/63 with tuned order and cutoff ranges.,AS_seed2_014.txt
AS,seed2,3,34,14,34,14,34,0.37575,0.50635,0.1306,recording process,calibration,False,"Adds a 25 Hz stethoscope-diaphragm high-pass filter on the mixed buffer (sosfiltfilt) to strip sub-audible DC wander that corrupts peak normalization; murmur centre/Q ranges are lowered (f0 150-250, Q 1.0-1.5), body-LPF tightened to 150-250 Hz, murmur intensity cut to 0.2+0.5s.",Higher murmur f0 (200-300)/Q (1.5-2.0) and body-LPF 200-400 Hz ranges removed; no post-body high-pass on the buffer before.,"sos_hpf = signal.butter(2, 25.0, btype='highpass', fs=FS_INTERNAL, output='sos') · audio_buffer = signal.sosfiltfilt(sos_hpf, audio_buffer) · f0 = np.random.uniform(150, 250) · Q = np.random.uniform(1.0, 1.5) · body_lpf_cutoff = np.random.uniform(150.0, 250.0) · murmur_intensity = 0.2 + 0.5 * severity","f0 = np.random.uniform(200, 300) · Q = np.random.uniform(1.5, 2.0) · body_lpf_cutoff = np.random.uniform(200.0, 400.0) · murmur_intensity = 0.3 + 0.7 * severity","murmur_f0=U(200,300)->U(150,250); murmur_Q=U(1.5,2.0)->U(1.0,1.5); body_lpf_cutoff=U(200,400)->U(150,250); murmur_intensity=0.3+0.7s->0.2+0.5s","## Audio Signal-Space Discrepancy Report (MFCC + ZCR)
Reference (empirical sample): 37 files  |  Generated: 100 files  |  SR: 16000 Hz  |  MFCCs: 13  |  ZCR in score: yes
Overall overlap score: 0.3758  (1.0 = identical distributions)
| Feature                | Overlap | Mean Shift | Spread Ratio | Status |
### Observations
- Reference: 37 valid
- Generated: 100 valid
- Worst overlap: MFCC-1 (overlap = 0.232).
- 6 under-diverse (outside 0.5×–2.0× range).",add_stethoscope_highpass_filter,"Introduces a 25 Hz high-pass filter to simulate a stethoscope diaphragm, removing sub-audible baseline wander to ensure proper relative amplitudes during peak normalization.","sos_hpf = signal.butter(2, 25.0, btype='highpass', fs=FS_INTERNAL, output='sos')",1,49;63,1,49;63,Stethoscope HPF on the buffer is retained at node 49 (5 Hz) and node 63 (1 Hz) with further-lowered cutoffs.,AS_seed2_034.txt
AS,seed2,4,49,34,49,34,49,0.50635,0.54776,0.04141,heterogeneity,,False,"Converts many fixed per-cycle scalars to per-sample draws and widens ranges: murmur/S2 intensities, S1/S2/S4 frequencies, S1/S2 durations, murmur onset/offset gaps, S4 timing/intensity and respiratory-modulation depth are randomized; body-LPF raised to 4th order with a wider cutoff range and HPF lowered to 5 Hz.","Fixed murmur intensity (0.2+0.5s), fixed s2 intensity, fixed s1 duration 0.08, fixed murmur gaps, and S4 at severity>0.7 with fixed frequency/duration removed.","murmur_intensity = np.random.uniform(0.15, 0.35) + 0.4 * severity · s2_intensity = max(0.0, np.random.uniform(0.8, 1.2) - 1.2 * severity) · s1_duration = np.random.uniform(0.06, 0.10) · t_murmur_start = t_s1 + s1_duration + np.random.uniform(0.01, 0.03) · f0 = np.random.uniform(150, 300) · Q = np.random.uniform(1.0, 2.0)","murmur_intensity = 0.2 + 0.5 * severity · s2_intensity = max(0.0, 1.0 - 1.2 * severity) · s1_duration = 0.08 · f0 = np.random.uniform(150, 250) · sos_hpf = signal.butter(2, 25.0, btype='highpass', fs=FS_INTERNAL, output='sos')","heart_rate=U(60,90)->U(55,95); noise_level=U(0.1,0.25)->U(0.05,0.35); murmur_f0=U(150,250)->U(150,300); murmur_Q=U(1.0,1.5)->U(1.0,2.0); murmur_intensity=0.2+0.5s->U(0.15,0.35)+0.4s; s1_dur=0.08->U(0.06,0.10); s2_dur=0.06->U(0.05,0.08); body_lpf_order=2->4; body_lpf_cutoff=U(150,250)->U(120,300); hpf_cutoff=25->5 Hz","## Audio Signal-Space Discrepancy Report (MFCC + ZCR)
Reference (empirical sample): 37 files  |  Generated: 100 files  |  SR: 16000 Hz  |  MFCCs: 13  |  ZCR in score: yes
Overall overlap score: 0.5064  (1.0 = identical distributions)
| Feature                | Overlap | Mean Shift | Spread Ratio | Status |
### Observations
- Reference: 37 valid
- Generated: 100 valid
- Worst overlap: ZCR (overlap = 0.000).
- 6 under-diverse (outside 0.5×–2.0× range).",lower_highpass_filter_cutoff,Lowers the high-pass filter cutoff frequency from 25 Hz to 5 Hz to preserve low-frequency baseline rumble and reduce the zero-crossing rate.,"sos_hpf = signal.butter(2, 5.0, btype='highpass', fs=FS_INTERNAL, output='sos')",1,63,1,63,"Node 63 continues lowering the same global HPF cutoff (to 1.0 Hz), genuinely applying the mechanism idea.",AS_seed2_049.txt
AS,seed2,5,63,49,63,49,63,0.54776,0.55892,0.01116,calibration,,True,"Body low-pass gentled to 1st order with a much lower 60-120 Hz cutoff, HPF lowered to 1 Hz, ambient high edge moved to 0.5 Hz, and pre-filter murmur intensity raised to U(0.3,0.6)+0.8s to compensate.","4th-order 120-300 Hz body low-pass, 5 Hz HPF, 1 Hz ambient high edge, and the lower murmur intensity removed.","sos = signal.butter(2, [0.5, 100.0], btype='bandpass', fs=fs, output='sos') · murmur_intensity = np.random.uniform(0.3, 0.6) + 0.8 * severity · body_lpf_cutoff = np.random.uniform(60.0, 120.0) · sos_body = signal.butter(1, body_lpf_cutoff, btype='lowpass', fs=FS_INTERNAL, output='sos') · sos_hpf = signal.butter(2, 1.0, btype='highpass', fs=FS_INTERNAL, output='sos')","sos = signal.butter(2, [1.0, 100.0], btype='bandpass', fs=fs, output='sos') · murmur_intensity = np.random.uniform(0.15, 0.35) + 0.4 * severity · body_lpf_cutoff = np.random.uniform(120.0, 300.0) · sos_body = signal.butter(4, body_lpf_cutoff, btype='lowpass', fs=FS_INTERNAL, output='sos') · sos_hpf = signal.butter(2, 5.0, btype='highpass', fs=FS_INTERNAL, output='sos')","ambient_hp=1.0->0.5 Hz; murmur_intensity=U(0.15,0.35)+0.4s->U(0.3,0.6)+0.8s; body_lpf_order=4->1; body_lpf_cutoff=U(120,300)->U(60,120); hpf_cutoff=5->1 Hz","## Audio Signal-Space Discrepancy Report (MFCC + ZCR)
Reference (empirical sample): 37 files  |  Generated: 100 files  |  SR: 16000 Hz  |  MFCCs: 13  |  ZCR in score: yes
Overall overlap score: 0.5478  (1.0 = identical distributions)
| Feature                | Overlap | Mean Shift | Spread Ratio | Status |
### Observations
- Reference: 37 valid
- Generated: 100 valid
- Worst overlap: ZCR (overlap = 0.358).
- 1 over-diverse (outside 0.5×–2.0× range).",,,,,,,,,AS_seed2_063.txt
AS,seed3,1,20,0,20,0,20,0.13925,0.14116,0.00191,mechanism,,False,"Murmur and ambient noise switch from white to pink noise with SOS filtering and peak normalization; S2 is split into A2/P2 with respiration-modulated splitting width, an ejection click is added for mild AS and S4 for severe AS; murmur is bounded by S1/S2.","White-noise murmur/ambient, the single S2 tone, and the fixed murmur start (+0.05s)/duration (systole-0.07) removed.","def generate_pink_noise(n_samples): · sos = signal.butter(2, [150, 500], btype='bandpass', fs=fs, output='sos') · filtered_noise = signal.sosfiltfilt(sos, pink) · a2 = generate_gabor_wavelet(freq=70, duration=0.06, fs=FS_INTERNAL) · p2 = generate_gabor_wavelet(freq=60, duration=0.06, fs=FS_INTERNAL) · split = 0.01 + 0.03 * insp_factor","noise = np.random.randn(n_samples) · b, a = signal.butter(4, [150, 400], btype='bandpass', fs=fs) · ambient = signal.filtfilt(b, a, noise) · s2 = generate_gabor_wavelet(freq=70, duration=0.08, fs=FS_INTERNAL) · murmur_duration = systole_duration - 0.07","noise_level=U(0.01,0.05)->U(0.05,0.15); murmur_peak_fraction=0.35+0.35s->0.31+0.39s; murmur_intensity=0.2+0.8s->0.33+1.67s; s2_intensity replaced by a2_intensity=clip(1.1-1.0s)","## Audio Signal-Space Discrepancy Report (MFCC + ZCR)
Reference (empirical sample): 37 files  |  Generated: 100 files  |  SR: 16000 Hz  |  MFCCs: 13  |  ZCR in score: yes
Overall overlap score: 0.1392  (1.0 = identical distributions)
| Feature                | Overlap | Mean Shift | Spread Ratio | Status |
### Observations
- Reference: 37 valid
- Generated: 100 valid
- Worst overlap: MFCC-6 (overlap = 0.000).
- 6 under-diverse (outside 0.5×–2.0× range).",,,,,,,,,AS_seed3_020.txt
AS,seed3,2,21,20,21,20,21,0.14116,0.20529,0.06413,recording process,calibration,False,"Adds a chest-wall acoustic low-pass (sosfiltfilt, 300 Hz) over the mixed buffer to emulate thoracic attenuation of frequencies above 300 Hz; murmur intensity lowered to 0.3+1.2s and noise_level raised to 0.1-0.25.",Audio previously saved without a chest-wall low-pass; the louder murmur (0.33+1.67s) and lower noise level removed.,"sos_chest = signal.butter(2, 300, btype='lowpass', fs=FS_INTERNAL, output='sos') · audio_buffer = signal.sosfiltfilt(sos_chest, audio_buffer) · noise_level = np.random.uniform(0.1, 0.25) · murmur_intensity = 0.3 + 1.2 * severity","noise_level = np.random.uniform(0.05, 0.15) · murmur_intensity = 0.33 + 1.67 * severity","noise_level=U(0.05,0.15)->U(0.1,0.25); murmur_intensity=0.33+1.67s->0.3+1.2s","## Audio Signal-Space Discrepancy Report (MFCC + ZCR)
Reference (empirical sample): 37 files  |  Generated: 100 files  |  SR: 16000 Hz  |  MFCCs: 13  |  ZCR in score: yes
Overall overlap score: 0.1412  (1.0 = identical distributions)
| Feature                | Overlap | Mean Shift | Spread Ratio | Status |
### Observations
- Reference: 37 valid
- Generated: 100 valid
- Worst overlap: MFCC-1 (overlap = 0.000).
- 3 under-diverse (outside 0.5×–2.0× range).",apply_chest_wall_lowpass_filter,"Applies a low-pass filter to the audio signal to simulate the acoustic attenuation of the chest wall, reducing unrealistic high-frequency content.","signal.butter(2, 300, btype='lowpass', fs=FS_INTERNAL, output='sos')",1,24;26;31,1,24;26;31,"Chest-wall low-pass on the buffer is retained in all later lineage scripts (order/cutoff tuned, cutoff later randomized).",AS_seed3_021.txt
AS,seed3,3,24,21,24,21,24,0.20529,0.41776,0.21247,mechanism,,False,Background noise gains a separate low-frequency baseline-wander component (white noise low-passed at 5 Hz) combined with a steeper 80 Hz ambient rumble; the murmur bandpass is lowered to 120-400 Hz and the chest-wall LP steepened to 4th order at 250 Hz.,The simple 2nd-order 100 Hz pink-noise ambient removed; murmur bandpass 150-500 Hz and 300 Hz/2nd-order chest LP replaced.,"sos_ambient = signal.butter(4, 80, btype='lowpass', fs=fs, output='sos') · sos_wander = signal.butter(2, 5, btype='lowpass', fs=fs, output='sos') · wander = signal.sosfiltfilt(sos_wander, white) · combined_noise = (ambient * 0.7 + wander * 0.5) * noise_level · sos = signal.butter(2, [120, 400], btype='bandpass', fs=fs, output='sos') · sos_chest = signal.butter(4, 250, btype='lowpass', fs=FS_INTERNAL, output='sos')","sos = signal.butter(2, [150, 500], btype='bandpass', fs=fs, output='sos') · sos = signal.butter(2, 100, btype='lowpass', fs=fs, output='sos') · ambient = signal.sosfiltfilt(sos, pink) · sos_chest = signal.butter(2, 300, btype='lowpass', fs=FS_INTERNAL, output='sos')","noise_level=U(0.1,0.25)->U(0.15,0.4); murmur_intensity=0.3+1.2s->0.2+0.8s; s1_dur=0.07->0.08; a2/p2_dur=0.06->0.07; murmur_bp=[150,500]->[120,400]; chest_lpf=300@ord2->250@ord4","## Audio Signal-Space Discrepancy Report (MFCC + ZCR)
Reference (empirical sample): 37 files  |  Generated: 100 files  |  SR: 16000 Hz  |  MFCCs: 13  |  ZCR in score: yes
Overall overlap score: 0.2053  (1.0 = identical distributions)
| Feature                | Overlap | Mean Shift | Spread Ratio | Status |
### Observations
- Reference: 37 valid
- Generated: 100 valid
- Worst overlap: ZCR (overlap = 0.000).
- 9 under-diverse (outside 0.5×–2.0× range).",add_baseline_wander_component,Introduces a very low-frequency baseline wander component generated from filtered white noise to simulate sensor movement and reduce unrealistic zero-crossing rates.,"sos_wander = signal.butter(2, 5, btype='lowpass', fs=fs, output='sos')",1,26;31,1,26;31,Wander component retained in the background-noise generator at node 26 (1 Hz) and node 31 (3 Hz).,AS_seed3_024.txt
AS,seed3,4,26,24,26,24,26,0.41776,0.51056,0.0928,heterogeneity,,False,"Murmur band edges and the ambient cutoff become per-sample draws (murmur_f_low 80-150, murmur_f_high 300-600, chest 150-400, ambient 40-120) and S1/EC/A2/P2/S4 frequencies are randomized; the baseline-wander cutoff drops to 1 Hz and its weight rises to x3.0.","Fixed murmur bandpass [120,400], fixed 80 Hz ambient cutoff, fixed 250 Hz 4th-order chest LP, and fixed component frequencies removed.","murmur_f_low = np.random.uniform(80, 150) · murmur_f_high = np.random.uniform(300, 600) · chest_cutoff = np.random.uniform(150, 400) · ambient_cutoff = np.random.uniform(40, 120) · s1_freq = np.random.uniform(40, 60) · sos_wander = signal.butter(2, 1.0, btype='lowpass', fs=fs, output='sos')","sos = signal.butter(2, [120, 400], btype='bandpass', fs=fs, output='sos') · sos_ambient = signal.butter(4, 80, btype='lowpass', fs=fs, output='sos') · sos_wander = signal.butter(2, 5, btype='lowpass', fs=fs, output='sos') · a2 = generate_gabor_wavelet(freq=70, duration=0.07, fs=FS_INTERNAL)","noise_level=U(0.15,0.4)->U(0.15,0.5); wander_cutoff=5->1 Hz; wander_weight=0.5->3.0; ambient_weight=0.7->0.8; chest_lpf=250@ord4->U(150,400)@ord3; murmur_bp=[120,400]->U(80,150)/U(300,600)","## Audio Signal-Space Discrepancy Report (MFCC + ZCR)
Reference (empirical sample): 37 files  |  Generated: 100 files  |  SR: 16000 Hz  |  MFCCs: 13  |  ZCR in score: yes
Overall overlap score: 0.4178  (1.0 = identical distributions)
| Feature                | Overlap | Mean Shift | Spread Ratio | Status |
### Observations
- Reference: 37 valid
- Generated: 100 valid
- Worst overlap: ZCR (overlap = 0.020).
- 6 under-diverse (outside 0.5×–2.0× range).",randomize_component_frequencies,Randomizing the frequency parameters of individual signal components and filters increases spectral diversity across generated samples.,"s1_freq = np.random.uniform(40, 60)",1,31,1,31,"Verbatim s1_freq = np.random.uniform(40, 60) is present at node 31.",AS_seed3_026.txt
AS,seed3,5,31,26,31,26,31,0.51056,0.55741,0.04685,calibration,,True,"Lowers the murmur/chest/ambient filter ranges (murmur_f_low 60-120, murmur_f_high 250-450, chest 120-300, ambient 30-80), gentles the ambient rumble to 2nd order, raises the wander cutoff to 3 Hz with heavier weights (2.0/5.0), and trims murmur intensity to 0.15+0.6s.","Wider murmur band (80-150/300-600), 150-400 chest range, 4th-order ambient rumble, 1 Hz wander, and the louder murmur intensity removed.","murmur_f_low = np.random.uniform(60, 120) · murmur_f_high = np.random.uniform(250, 450) · sos_ambient = signal.butter(2, ambient_cutoff, btype='lowpass', fs=fs, output='sos') · sos_wander = signal.butter(2, 3.0, btype='lowpass', fs=fs, output='sos') · combined_noise = (ambient * 2.0 + wander * 5.0) * noise_level · murmur_intensity = 0.15 + 0.6 * severity","murmur_f_low = np.random.uniform(80, 150) · murmur_f_high = np.random.uniform(300, 600) · sos_ambient = signal.butter(4, ambient_cutoff, btype='lowpass', fs=fs, output='sos') · sos_wander = signal.butter(2, 1.0, btype='lowpass', fs=fs, output='sos') · combined_noise = (ambient * 0.8 + wander * 3.0) * noise_level · murmur_intensity = 0.2 + 0.8 * severity","murmur_f_low=U(80,150)->U(60,120); murmur_f_high=U(300,600)->U(250,450); chest_cutoff=U(150,400)->U(120,300); ambient_cutoff=U(40,120)->U(30,80); ambient_order=4->2; wander_cutoff=1.0->3.0 Hz; noise_weights=(0.8,3.0)->(2.0,5.0); murmur_intensity=0.2+0.8s->0.15+0.6s","## Audio Signal-Space Discrepancy Report (MFCC + ZCR)
Reference (empirical sample): 37 files  |  Generated: 100 files  |  SR: 16000 Hz  |  MFCCs: 13  |  ZCR in score: yes
Overall overlap score: 0.5106  (1.0 = identical distributions)
| Feature                | Overlap | Mean Shift | Spread Ratio | Status |
### Observations
- Reference: 37 valid
- Generated: 100 valid
- Worst overlap: ZCR (overlap = 0.207).
- 4 over-diverse (outside 0.5×–2.0× range).",reduce_spectral_cutoff_frequencies,Decreased the frequency ranges for murmur bandpass and ambient/chest lowpass filters to reduce the zero-crossing rate and better match empirical acoustic characteristics.,"murmur_f_low = np.random.uniform(60, 120)",,,,,Terminal best node; no later lineage nodes and no in_later_code hits.,AS_seed3_031.txt
COPD,seed1,1,1,0,1,0,1,0.16489,0.315,0.15011,mechanism,temporal|recording process,False,"Replaces the single analytic phase envelope with a breath-by-breath synthesis loop: each breath draws inspiration/expiration/pause durations, filters per-breath pink noise through an order-4 butter low-pass (150-250 Hz) and shapes it with a sin*exp envelope; crackles become hann-windowed, band-passed (150-400 Hz) noise bursts clustered in early inspiration; wheezes become per-breath FM/AM bursts with jitter and an ADSR-like envelope. The recording is resampled 44.1k->16k before saving.","Removes the fixed rr/ie_ratio phase-envelope breath model, the two-stage white-noise band-pass breath body, the convolution-kernel crackles, and the global I:E-mask gating of wheezes; peak normalisation is now applied only if clipping.","TARGET_SR = 16000   # Output sample rate in Hz · while idx < len(t): · t_i = np.random.normal(1.2, 0.1) · env_e = np.sin(np.pi * phase_e) * np.exp(-3.0 * phase_e) # Rapid rise, long plateau · b_c, a_c = signal.butter(2, [150, 400], btype='bandpass', fs=SR) · burst_env = signal.windows.hann(c_len)","rr = np.random.uniform(14, 18) · ie_ratio = np.random.uniform(2.5, 3.5) · cycle_len = 60.0 / rr · env[mask_e] = (np.sin(np.pi * (phase[mask_e] - p_i) / (1.0 - p_i)) * np.exp(-3.0 * (phase[mask_e] - p_i) / (1.0 - p_i))) · b, a = signal.butter(4, [100, 800], btype='bandpass', fs=SR) · b_lp, a_lp = signal.butter(2, 400, btype='lowpass', fs=SR)",DURATION=20.0->10.0,"## Audio Signal-Space Discrepancy Report (MFCC + ZCR)
Reference (empirical sample): 65 files  |  Generated: 100 files  |  SR: 16000 Hz  |  MFCCs: 13  |  ZCR in score: yes
Overall overlap score: 0.1649  (1.0 = identical distributions)
| Feature                | Overlap | Mean Shift | Spread Ratio | Status |
### Observations
- Reference: 65 valid
- Generated: 100 valid
- Worst overlap: MFCC-7 (overlap = 0.000).
- 2 over-diverse (outside 0.5×–2.0× range).",stochastic_breath_by_breath_synthesis,"Synthesizes the respiratory signal iteratively breath-by-breath to allow for natural stochastic variation in inspiration, expiration, and pause durations within a single recording.","while idx < len(t): t_i = np.random.normal(1.2, 0.1); t_e = np.random.normal(3.0, 0.3); ...",1,3;4;6;41;79;80;81;96,1,3;4;6;41;79;80;81;96,"The idx-based per-breath loop and its inspiratory normal draw t_i = np.random.normal(1.2, 0.1) persist verbatim in every later lineage script (3-96).",COPD_seed1_001.txt
COPD,seed1,2,3,1,3,1,3,0.315,0.49593,0.18093,recording process,mechanism,False,"Changes the continuous background floor from pink (1/sqrt(f)) to brown noise (S_bg = np.arange), high-passing it above 20 Hz to remove DC wander and randomising its amplitude to 0.002-0.008; adds a subtle first harmonic (0.15*sin(4*pi*t)) to the wheeze oscillator.","Replaces the pink-noise floor generator (sqrt spectrum, fixed 0.01 amplitude) with the brown variant and removes the pure-sine wheeze tone.","# Generate brown noise (1/f amplitude) for the background to simulate the heavy  · S_bg = np.arange(1, len(X_bg) + 1) · # High-pass filter to remove sub-audible DC wander inherent in brown noise · b_hp, a_hp = signal.butter(2, 20, btype='highpass', fs=SR) · bg_noise = signal.filtfilt(b_hp, a_hp, bg_noise) · bg_amp = np.random.uniform(0.002, 0.008)","# Generate pink noise for the background to avoid absolute silence · S_bg = np.sqrt(np.arange(1, len(X_bg) + 1)) · bg_noise = (bg_noise / (np.std(bg_noise) + 1e-6)) * 0.01 · w = np.sin(2 * np.pi * phase_acc)","bg_amp=0.01->uniform(0.002,0.008)","## Audio Signal-Space Discrepancy Report (MFCC + ZCR)
Reference (empirical sample): 65 files  |  Generated: 100 files  |  SR: 16000 Hz  |  MFCCs: 13  |  ZCR in score: yes
Overall overlap score: 0.3150  (1.0 = identical distributions)
| Feature                | Overlap | Mean Shift | Spread Ratio | Status |
### Observations
- Reference: 65 valid
- Generated: 100 valid
- Worst overlap: ZCR (overlap = 0.015).
- 4 under-diverse, 1 over-diverse (outside 0.5×–2.0× range).",use_brown_background_noise,Replaces pink noise with brown noise for the background floor to better simulate the acoustic damping of the body and reduce unnatural high-frequency energy.,"S_bg = np.arange(1, len(X_bg) + 1)",1,4;6;41;79;80;81;96,1,4;41,"Node 4 keeps the brown S_bg = np.arange(1,...) floor and node 41 applies the same brown S_brown arange spectrum to its room component; node 6 splits it into a two-component pink floor and later nodes are pink/1/f^s, so their arange hits are only the time vector.",COPD_seed1_003.txt
COPD,seed1,3,4,3,4,3,4,0.49593,0.50571,0.00978,other,,False,"Refactors all low-frequency filtering onto numerically stable forms: a generate_low_freq_noise() helper performs FFT-domain brick-wall low-passing, the background high-pass and wheeze jitter/AM LFOs are built in the frequency domain, and the breath and crackle Butterworth filters use SOS (sosfiltfilt) instead of b,a filtfilt.","Removes the b,a IIR filtfilt calls at very low cutoffs (20 Hz high-pass, 5-10 Hz jitter/AM) that injected high-frequency quantisation noise.","def generate_low_freq_noise(length, sr, cutoff_hz): · X = np.fft.rfft(np.random.randn(length)) · X[freqs > cutoff_hz] = 0 · freqs_bg = np.fft.rfftfreq(len(t), 1/SR) · X_bg[freqs_bg < 20.0] = 0 · sos_lp = signal.butter(4, cutoff, btype='lowpass', fs=SR, output='sos')","b_hp, a_hp = signal.butter(2, 20, btype='highpass', fs=SR) · bg_noise = signal.filtfilt(b_hp, a_hp, bg_noise) · b_lp, a_lp = signal.butter(4, cutoff, btype='lowpass', fs=SR) · breath_noise = signal.filtfilt(b_lp, a_lp, breath_noise) · b_c, a_c = signal.butter(2, [150, 400], btype='bandpass', fs=SR) · burst = signal.filtfilt(b_c, a_c, burst)",,"## Audio Signal-Space Discrepancy Report (MFCC + ZCR)
Reference (empirical sample): 65 files  |  Generated: 100 files  |  SR: 16000 Hz  |  MFCCs: 13  |  ZCR in score: yes
Overall overlap score: 0.4959  (1.0 = identical distributions)
| Feature                | Overlap | Mean Shift | Spread Ratio | Status |
### Observations
- Reference: 65 valid
- Generated: 100 valid
- Worst overlap: ZCR (overlap = 0.096).
- 1 under-diverse (outside 0.5×–2.0× range).",,,,,,,,,COPD_seed1_004.txt
COPD,seed1,4,6,4,6,4,6,0.50571,0.50879,0.00308,recording process,,False,"Splits the single brown background into a two-component pink-noise floor: a strong body/sensor rumble band (FFT-zeroed outside 5-50 Hz, amplitude 0.015-0.035) that anchors ZCR, plus a faint broadband room floor (>20 Hz, 0.001-0.003) that keeps high-frequency log-mel bins populated; the breath low-pass order is reduced to 2.",Removes the single high-passed brown-noise background generator.,"freqs_bg = np.fft.rfftfreq(len(t), 1/SR) · X_rumble = np.fft.rfft(np.random.randn(len(t))) · S_pink = np.sqrt(np.arange(1, len(X_rumble) + 1)) · X_rumble[(freqs_bg < 5.0) | (freqs_bg > 50.0)] = 0 · rumble = np.fft.irfft(X_rumble, n=len(t)) · rumble_amp = np.random.uniform(0.015, 0.035)","X_bg = np.fft.rfft(np.random.randn(len(t))) · S_bg = np.arange(1, len(X_bg) + 1) · bg_noise = np.fft.irfft(X_bg / S_bg, n=len(t)) · X_bg[freqs_bg < 20.0] = 0 · bg_amp = np.random.uniform(0.002, 0.008) · bg_noise = (bg_noise / (np.std(bg_noise) + 1e-6)) * bg_amp",breath_lp_order=4->2,"## Audio Signal-Space Discrepancy Report (MFCC + ZCR)
Reference (empirical sample): 65 files  |  Generated: 100 files  |  SR: 16000 Hz  |  MFCCs: 13  |  ZCR in score: yes
Overall overlap score: 0.5057  (1.0 = identical distributions)
| Feature                | Overlap | Mean Shift | Spread Ratio | Status |
### Observations
- Reference: 65 valid
- Generated: 100 valid
- Worst overlap: ZCR (overlap = 0.117).
- All features within 0.5×–2.0× diversity range.",,,,,,,,,COPD_seed1_006.txt
COPD,seed1,5,41,6,41,6,41,0.50879,0.53473,0.02593,mechanism,recording process,False,"Adds band-passed Gaussian noise centred on each wheeze fundamental (f0 +/- 50 Hz, order-2 SOS) at 0.2 weight to reduce synthetic purity, and switches the room background from pink back to brown (S_brown = arange) to steepen the high-frequency roll-off.",Removes the pink room-floor spectrum (1/sqrt(f)) used since node 6.,"S_brown = np.arange(1, len(X_room) + 1) · X_room = X_room / S_brown · sos_nb = signal.butter(2, [max(20, f0 - 50), min(SR/2 - 1, f0 + 50)], btype='bandpass', fs=SR, output='sos') · nb_noise = signal.sosfiltfilt(sos_nb, noise_burst) · nb_noise = (nb_noise / (np.std(nb_noise) + 1e-6)) * 0.2 · w += nb_noise",X_room = X_room / S_pink · # Using Second-Order Sections (SOS) to prevent numerical instability.,,"## Audio Signal-Space Discrepancy Report (MFCC + ZCR)
Reference (empirical sample): 65 files  |  Generated: 100 files  |  SR: 16000 Hz  |  MFCCs: 13  |  ZCR in score: yes
Overall overlap score: 0.5088  (1.0 = identical distributions)
| Feature                | Overlap | Mean Shift | Spread Ratio | Status |
### Observations
- Reference: 65 valid
- Generated: 100 valid
- Worst overlap: ZCR (overlap = 0.243).
- 1 under-diverse (outside 0.5×–2.0× range).",add_narrowband_noise_to_wheezes,Adds bandpass-filtered Gaussian noise centered at the fundamental frequency to tonal wheeze signals to reduce synthetic purity and simulate a breathy texture.,"sos_nb = signal.butter(2, [max(20, f0 - 50), min(SR/2 - 1, f0 + 50)], btype='bandpass', fs=SR, output='sos')",1,79;80;81;96,1,79;80;81;96,sos_nb band-pass around f0 and the additive nb_noise weight appear verbatim at nodes 79-96.,COPD_seed1_041.txt
COPD,seed1,6,79,41,79,41,79,0.53473,0.50747,-0.02725,recording process,calibration,False,"Reverts the room floor from brown to pink (sqrt spectrum) to restore high-frequency energy, widens the crackle band-pass to 100-800 Hz, extends the rumble band to 100 Hz, desynchronises polyphonic wheeze triggers, and trims wheeze/crackle peak amplitudes so the breath sounds and noise floor stay prominent after peak normalisation.",Removes the brown 1/f^2 room spectrum and the 100-500 Hz crackle band introduced at node 41.,"S_pink_room = np.sqrt(np.arange(1, len(X_room) + 1)) · X_room = X_room / S_pink_room · # Widened bandpass to better simulate broadband transients · # Triggered during expiration with varied delays to desynchronize polyphonic wheezes","S_brown = np.arange(1, len(X_room) + 1) · X_room = X_room / S_brown · # Triggered ~500 ms after the start of expiration · # Add narrowband noise centered at f0 to reduce synthetic purity (Blueprint pitfall fix)",crackle_hi=500->800; rumble_cutoff=50->100; wheeze_amp=0.2-0.5->0.1-0.3; crackle_amp=0.2-0.4->0.1-0.2,"## Audio Signal-Space Discrepancy Report (MFCC + ZCR)
Reference (empirical sample): 65 files  |  Generated: 100 files  |  SR: 16000 Hz  |  MFCCs: 13  |  ZCR in score: yes
Overall overlap score: 0.5347  (1.0 = identical distributions)
| Feature                | Overlap | Mean Shift | Spread Ratio | Status |
### Observations
- Reference: 65 valid
- Generated: 100 valid
- Worst overlap: MFCC-0 (overlap = 0.248).
- 1 under-diverse (outside 0.5×–2.0× range).",,,,,,,,,COPD_seed1_079.txt
COPD,seed1,7,80,79,80,79,80,0.50747,0.63346,0.12599,heterogeneity,mechanism,False,"Increases between-sample spectral diversity: the breath low-pass order is drawn from [2,3,4] with a severity-varying cutoff, the rumble spectral exponent is drawn 0.5-1.0 and its cutoff 40-120 Hz, and each breath can use a variable roll-off; the room floor is fixed to 1/f^1.5; wheeze/crackle amplitudes are cut and the crackle band returns to 100-500 Hz.","Replaces the fixed order-2 breath filter, the fixed pink/brown room floor, and the louder wheeze/crackle gains of node 79.","rumble_exp = np.random.uniform(0.5, 1.0) · S_rumble = np.arange(1, len(X_rumble) + 1) ** rumble_exp · rumble_cutoff = np.random.uniform(40.0, 120.0) · X_rumble[(freqs_bg < 5.0) | (freqs_bg > rumble_cutoff)] = 0 · S_room = np.arange(1, len(X_room) + 1) ** 0.75 · X_room = X_room / S_room","S_pink = np.sqrt(np.arange(1, len(X_rumble) + 1)) · X_rumble[(freqs_bg < 5.0) | (freqs_bg > 100.0)] = 0 · S_pink_room = np.sqrt(np.arange(1, len(X_room) + 1)) · X_room = X_room / S_pink_room · sos_lp = signal.butter(2, cutoff, btype='lowpass', fs=SR, output='sos') · wheeze_prob = 0.9",wheeze_amp=0.15-0.35->0.05-0.20; crackle_amp=0.15-0.30->0.05-0.20; crackle_hi=800->500,"## Audio Signal-Space Discrepancy Report (MFCC + ZCR)
Reference (empirical sample): 65 files  |  Generated: 100 files  |  SR: 16000 Hz  |  MFCCs: 13  |  ZCR in score: yes
Overall overlap score: 0.5075  (1.0 = identical distributions)
| Feature                | Overlap | Mean Shift | Spread Ratio | Status |
### Observations
- Reference: 65 valid
- Generated: 100 valid
- Worst overlap: ZCR (overlap = 0.082).
- 3 under-diverse (outside 0.5×–2.0× range).",randomize_filter_order,Randomizes the order of the Butterworth low-pass filter to increase the diversity of spectral roll-off characteristics.,"filter_order = np.random.choice([2, 3, 4])",1,81;96,1,81;96,"filter_order = np.random.choice([2, 3, 4]) persists verbatim at nodes 81 and 96.",COPD_seed1_080.txt
COPD,seed1,8,81,80,81,80,81,0.63346,0.64214,0.00868,heterogeneity,calibration,False,"Darkens the room floor (spectral exponent drawn 1.0-1.5) and strengthens the low-frequency rumble, and generates each breath's base noise with a random spectral exponent uniform(0.5,1.2) instead of fixed pink to widen MFCC-1..3 spread.",Removes the fixed 1/f^1.5 room exponent and the fixed-pink per-breath noise spectrum.,"room_exp = np.random.uniform(1.0, 1.5) · S_room = np.arange(1, len(X_room) + 1) ** room_exp · breath_exp = np.random.uniform(0.5, 1.2) · breath_noise = np.fft.irfft(X_b / (np.arange(1, len(X_b) + 1) ** breath_exp), n=n_breath)","S_room = np.arange(1, len(X_room) + 1) ** 0.75 · breath_noise = np.fft.irfft(X_b / np.sqrt(np.arange(1, len(X_b) + 1)), n=n_breath)","room_exp=0.75->uniform(1.0,1.5); breath_spectrum=pink->uniform(0.5,1.2)","## Audio Signal-Space Discrepancy Report (MFCC + ZCR)
Reference (empirical sample): 65 files  |  Generated: 100 files  |  SR: 16000 Hz  |  MFCCs: 13  |  ZCR in score: yes
Overall overlap score: 0.6335  (1.0 = identical distributions)
| Feature                | Overlap | Mean Shift | Spread Ratio | Status |
### Observations
- Reference: 65 valid
- Generated: 100 valid
- Worst overlap: MFCC-2 (overlap = 0.432).
- 1 under-diverse (outside 0.5×–2.0× range).",,,,,,,,,COPD_seed1_081.txt
COPD,seed1,9,96,81,96,81,96,0.64214,0.67231,0.03016,calibration,,True,"Slows the expiratory envelope decay (exp(-3.0) -> exp(-2.0)) and raises the room-floor amplitude (0.002-0.010 -> 0.01-0.05) so sustained breath energy survives peak normalisation; widens crackles to 100-1200 Hz, raises rumble/breath amplitudes, reduces the wheeze count max to 3 with a larger narrowband-noise weight (0.2->0.4), and darkens the room spectrum to exponent 1.2-1.8.","Removes the faster exp(-3.0) decay, the quieter room floor, the smaller wheeze noise weight, and the brighter room exponent.","rumble_amp = np.random.uniform(0.05, 0.15) · room_exp = np.random.uniform(1.2, 1.8) · room_amp = np.random.uniform(0.01, 0.05) # Increased to boost RMS energy (MFCC-0) · env_e = np.sin(np.pi * phase_e) * np.exp(-2.0 * phase_e)  · sos_c = signal.butter(2, [100, 1200], btype='bandpass', fs=SR, output='sos') · n_wheezes = np.random.randint(2, 4) # Reduced max count to prevent synthetic stacking","rumble_amp = np.random.uniform(0.04, 0.12) · room_exp = np.random.uniform(1.0, 1.5) · room_amp = np.random.uniform(0.002, 0.010) · env_e = np.sin(np.pi * phase_e) * np.exp(-3.0 * phase_e) # Rapid rise, long plateau · sos_c = signal.butter(2, [100, 500], btype='bandpass', fs=SR, output='sos') · n_wheezes = np.random.randint(2, 5)",env_decay=3.0->2.0; room_amp=0.002-0.010->0.01-0.05; room_exp=1.0-1.5->1.2-1.8; rumble_amp=0.04-0.12->0.05-0.15; crackle_hi=500->1200; n_wheezes_max=5->4; wheeze_nb_weight=0.2->0.4,"## Audio Signal-Space Discrepancy Report (MFCC + ZCR)
Reference (empirical sample): 65 files  |  Generated: 100 files  |  SR: 16000 Hz  |  MFCCs: 13  |  ZCR in score: yes
Overall overlap score: 0.6421  (1.0 = identical distributions)
| Feature                | Overlap | Mean Shift | Spread Ratio | Status |
### Observations
- Reference: 65 valid
- Generated: 100 valid
- Worst overlap: MFCC-0 (overlap = 0.365).
- All features within 0.5×–2.0× diversity range.",slowed_expiratory_envelope_decay,"Decreasing the exponential decay rate of the expiratory envelope sustains signal energy longer, preventing extreme sparsity and improving the RMS-to-peak ratio.",env_e = np.sin(np.pi * phase_e) * np.exp(-2.0 * phase_e),,,,,Born on the final lineage node; no later code to reuse.,COPD_seed1_096.txt
COPD,seed2,1,1,0,1,0,1,0.16489,0.27973,0.11484,mechanism,temporal|recording process,False,"Replaces the fixed analytic respiratory envelope with a cycle-by-cycle loop that jitters cycle length and I:E ratio (+/-10%), building a sin-shaped inspiration and a rapid-rise/long-plateau expiration per breath; adds severity-sampled crackle probability and crackles as band-passed noise bursts (100-500 Hz), FM/AM wheezes, and a low-passed background noise floor, with 44.1k->16k output resampling.","Removes the rr/ie_ratio phase-envelope breath model, the continuous white-noise band-pass breath body, convolution-style wheezes on a global I:E mask, and crackle-density scatter across time.","cycle_len_mean = 60.0 / rr · while current_time < DURATION: · c_len = cycle_len_mean * np.random.uniform(0.9, 1.1) · c_ie = ie_ratio * np.random.uniform(0.9, 1.1) · t_i = c_len / (1.0 + c_ie) · phase_i = np.linspace(0, 1, i_end - start_idx)","cycle_len = 60.0 / rr · phase = (t % cycle_len) / cycle_len · p_i = 1.0 / (1.0 + ie_ratio) # Proportion of cycle spent in inspiration · env[mask_e] = (np.sin(np.pi * (phase[mask_e] - p_i) / (1.0 - p_i)) * np.exp(-3.0 * (phase[mask_e] - p_i) / (1.0 - p_i))) · b, a = signal.butter(4, [100, 800], btype='bandpass', fs=SR) · b_lp, a_lp = signal.butter(2, 400, btype='lowpass', fs=SR)",,"## Audio Signal-Space Discrepancy Report (MFCC + ZCR)
Reference (empirical sample): 65 files  |  Generated: 100 files  |  SR: 16000 Hz  |  MFCCs: 13  |  ZCR in score: yes
Overall overlap score: 0.1649  (1.0 = identical distributions)
| Feature                | Overlap | Mean Shift | Spread Ratio | Status |
### Observations
- Reference: 65 valid
- Generated: 100 valid
- Worst overlap: MFCC-7 (overlap = 0.000).
- 2 over-diverse (outside 0.5×–2.0× range).",stochastic_respiratory_cycle_jitter,Replaces a fixed modulo-based respiratory phase with a loop that applies random jitter to the duration and I:E ratio of each individual breath cycle to simulate natural physiological variability.,"c_len = cycle_len_mean * np.random.uniform(0.9, 1.1); c_ie = ie_ratio * np.random.uniform(0.9, 1.1)",1,2;17;18;19;20;23;25;70;71,1,2;17;18;19;20;23;25;70;71,The cycle-by-cycle while loop with c_len/c_ie jitter persists in every later script; wheezes and crackles are scheduled off the same breath_starts/exp_starts loop.,COPD_seed2_001.txt
COPD,seed2,2,2,1,2,1,2,0.27973,0.35231,0.07258,mechanism,recording process,False,"Adds an exponential-decay envelope to each crackle burst (burst * exp decay), makes the breath body pink-ish (order-1 low-pass) before COPD low-passing, gives wheezes FM jitter plus narrowband noise, and replaces the pure low-pass background with a brown-rumble + white-hiss noise floor.","Removes flat (window-less) crackle bursts, the white-noise breath body, and the single 500 Hz low-pass background.","# Use pink-ish noise for a more natural breath sound body · pink_noise = signal.filtfilt(b_pink, a_pink, white_noise) · breath_sound = signal.filtfilt(b_lp, a_lp, pink_noise) · # FM Jitter (Perlin-like noise to make vibrato organic) · fm = f0 + fm_depth * np.sin(2 * np.pi * fm_rate * t) + (f0 * 0.02) * jitter · w = (np.sin(2 * np.pi * phase_acc) + 0.15 * nb_noise) * (1.0 + 0.3 * am_noise)","breath_sound = signal.filtfilt(b_lp, a_lp, white_noise) · w = np.sin(2 * np.pi * phase_acc) * (1.0 + 0.2 * am_noise) · crackle_sound[idx:end_idx] += np.random.normal(0, 1, actual_len) · crackle_sound = signal.lfilter(b_c, a_c, crackle_sound) · bg_noise = (bg_noise / (np.std(bg_noise) + 1e-8)) * 0.002",,"## Audio Signal-Space Discrepancy Report (MFCC + ZCR)
Reference (empirical sample): 65 files  |  Generated: 100 files  |  SR: 16000 Hz  |  MFCCs: 13  |  ZCR in score: yes
Overall overlap score: 0.2797  (1.0 = identical distributions)
| Feature                | Overlap | Mean Shift | Spread Ratio | Status |
### Observations
- Reference: 65 valid
- Generated: 100 valid
- Worst overlap: ZCR (overlap = 0.077).
- 1 under-diverse, 8 over-diverse (outside 0.5×–2.0× range).",apply_exponential_decay_envelope,"Applying an exponential decay envelope to short noise bursts creates a more realistic, asymmetric popping morphology characteristic of physiological crackles.","decay = np.exp(-np.linspace(0, 3, actual_len)); crackle_sound[idx:end_idx] += burst * decay",1,17;18;19;20;23;25;70;71,1,17;18;19;20;23;25;70;71,"The burst * exp-decay crackle morphology (decay = np.exp(-np.linspace(0,3,...))) persists in every later node even as crackle filter order and band are re-tuned.",COPD_seed2_002.txt
COPD,seed2,3,17,2,17,2,17,0.35231,0.36275,0.01044,mechanism,,False,"Rebuilds the breath sound as two attenuation stages (a normal order-1 500 Hz profile followed by an extra COPD low-pass with lp_cutoff, applied with lfilter/filtfilt), and bounds each wheeze envelope by the next inspiration start instead of a fixed 1.5-2.5 s sustain, leaving a 200 ms gap.",Removes the single steep 24 dB/octave breath low-pass and the fixed-length sustain-then-release wheeze envelope.,"b_norm, a_norm = signal.butter(1, 500, btype='lowpass', fs=SR) · norm_breath = signal.filtfilt(b_norm, a_norm, white_noise) · b_copd, a_copd = signal.butter(1, lp_cutoff, btype='lowpass', fs=SR) · breath_sound = signal.filtfilt(b_copd, a_copd, norm_breath) · next_b_starts = [b for b in breath_starts if b > e_start] · e_end = next_b_starts[0] if next_b_starts else DURATION","b_lp, a_lp = signal.butter(2, lp_cutoff, btype='lowpass', fs=SR) · breath_sound = signal.filtfilt(b_lp, a_lp, pink_noise) · sustain_len = np.random.uniform(1.5, 2.5) · sustain_samples = int(sustain_len * SR)",,"## Audio Signal-Space Discrepancy Report (MFCC + ZCR)
Reference (empirical sample): 65 files  |  Generated: 100 files  |  SR: 16000 Hz  |  MFCCs: 13  |  ZCR in score: yes
Overall overlap score: 0.3523  (1.0 = identical distributions)
| Feature                | Overlap | Mean Shift | Spread Ratio | Status |
### Observations
- Reference: 65 valid
- Generated: 100 valid
- Worst overlap: ZCR (overlap = 0.071).
- 2 under-diverse, 8 over-diverse (outside 0.5×–2.0× range).",,,,,,,,,COPD_seed2_017.txt
COPD,seed2,4,18,17,18,17,18,0.36275,0.40126,0.03852,mechanism,heterogeneity,False,"Generates wheezes per breath rather than for the whole recording: each breath has an 80% chance, a random f0_start with f0_contour = linspace pitch drift, attack/sustain/release times capped by the expiratory window, and per-breath severity draws including a 20% silent-chest (GOLD 4) subtype in severe cases; the breath COPD filter switches to 6 dB/octave lfilter.",Removes the whole-recording wheeze block that layered 2-4 continuous FM wheezes with global jitter/noise.,"# 4. Wheezes (Polyphonic Continuous Sounds, Generated Per-Breath) · if np.random.rand() < 0.8: · f0_start = np.random.uniform(150, 600) · f0_end = f0_start * np.random.uniform(0.85, 1.15) # Natural pitch drift · f0_contour = np.linspace(f0_start, f0_end, total_samples) · sustain_time = np.random.uniform(0.5, 2.0)","n_wheezes = np.random.randint(2, 5) # 2 to 4 polyphonic wheezes · fm = f0 + fm_depth * np.sin(2 * np.pi * fm_rate * t) + (f0 * 0.02) * jitter · w = (np.sin(2 * np.pi * phase_acc) + 0.15 * nb_noise) * (1.0 + 0.3 * am_noise) · w_env = np.zeros_like(t)",,"## Audio Signal-Space Discrepancy Report (MFCC + ZCR)
Reference (empirical sample): 65 files  |  Generated: 100 files  |  SR: 16000 Hz  |  MFCCs: 13  |  ZCR in score: yes
Overall overlap score: 0.3627  (1.0 = identical distributions)
| Feature                | Overlap | Mean Shift | Spread Ratio | Status |
### Observations
- Reference: 65 valid
- Generated: 100 valid
- Worst overlap: MFCC-1 (overlap = 0.138).
- 2 under-diverse (outside 0.5×–2.0× range).",per_breath_wheeze_generation,"Generates wheeze sounds independently for each breath cycle with natural pitch drift, rather than applying an amplitude envelope to a continuous frequency-modulated signal.","f0_contour = np.linspace(f0_start, f0_end, total_samples)",1,19;20;23;25;70;71,1,19;20;23;25;70;71,"f0_contour = np.linspace(f0_start, f0_end, total_samples) and the per-breath wheeze block appear verbatim at nodes 19-71.",COPD_seed2_018.txt
COPD,seed2,5,19,18,19,18,19,0.40126,0.40852,0.00725,mechanism,recording process,False,"Introduces an FFT-based generate_pink_noise() helper used for the breath body and for a broadband pink room component, keeping a brown rumble underneath (bg_pink + brown_bg), and filters crackles with an order-1 lfilter to preserve transient energy.",Removes the white-noise breath source and the low-passed white hiss room floor.,def generate_pink_noise(N): · X = np.fft.rfft(white) · f[0] = f[1]  # Avoid divide by zero · X = X / np.sqrt(f) · pink_noise = generate_pink_noise(len(t)) · bg_pink = generate_pink_noise(len(t)),"white_noise = np.random.normal(0, 1, len(t)) · norm_breath = signal.filtfilt(b_norm, a_norm, white_noise) · b_hiss, a_hiss = signal.butter(1, 600, btype='lowpass', fs=SR) · hiss_bg = signal.filtfilt(b_hiss, a_hiss, white_bg)",,"## Audio Signal-Space Discrepancy Report (MFCC + ZCR)
Reference (empirical sample): 65 files  |  Generated: 100 files  |  SR: 16000 Hz  |  MFCCs: 13  |  ZCR in score: yes
Overall overlap score: 0.4013  (1.0 = identical distributions)
| Feature                | Overlap | Mean Shift | Spread Ratio | Status |
### Observations
- Reference: 65 valid
- Generated: 100 valid
- Worst overlap: MFCC-5 (overlap = 0.148).
- 1 under-diverse (outside 0.5×–2.0× range).",,,,,,,,,COPD_seed2_019.txt
COPD,seed2,6,20,19,20,19,20,0.40852,0.4628,0.05429,recording process,,False,"Heavily low-passes the pink room-noise floor (order-2 butter at 400 Hz) so the background mimics acoustic insulation from hyperinflation instead of extending to Nyquist, and filters crackles with an order-2 lfilter to attenuate high-frequency leakage.",Removes the broadband pink room floor and the order-1 crackle lfilter.,"# Sensor hiss: heavily low-passed to avoid unnatural high ZCR · b_hiss, a_hiss = signal.butter(2, 400, btype='lowpass', fs=SR) · bg_pink = signal.filtfilt(b_hiss, a_hiss, bg_pink) · if np.std(bg_pink) > 0: bg_pink = bg_pink / np.std(bg_pink)","# Pink noise provides a natural broadband floor up to Nyquist, fixing missing high-freq energy · bg_pink = generate_pink_noise(len(t))",,"## Audio Signal-Space Discrepancy Report (MFCC + ZCR)
Reference (empirical sample): 65 files  |  Generated: 100 files  |  SR: 16000 Hz  |  MFCCs: 13  |  ZCR in score: yes
Overall overlap score: 0.4085  (1.0 = identical distributions)
| Feature                | Overlap | Mean Shift | Spread Ratio | Status |
### Observations
- Reference: 65 valid
- Generated: 100 valid
- Worst overlap: ZCR (overlap = 0.045).
- 2 under-diverse (outside 0.5×–2.0× range).",attenuate_high_frequency_background_noise,Applies a low-pass filter to the background pink noise to simulate acoustic insulation from hyperinflation and reduce unnaturally high zero-crossing rates.,"b_hiss, a_hiss = signal.butter(2, 400, btype='lowpass', fs=SR); bg_pink = signal.filtfilt(b_hiss, a_hiss, bg_pink)",1,23;25;70;71,1,23;25;70;71,bg_pink continues to be low-pass filtered through b_hiss/a_hiss in every later script; only the cutoff/order are re-tuned (400->1000->3000->250-700->1000-2500).,COPD_seed2_020.txt
COPD,seed2,7,23,20,23,20,23,0.4628,0.47868,0.01588,calibration,,False,"Softens the breath low-pass from 24 to 12 dB/octave (order-2 filtfilt to order-1 filtfilt) to preserve mid-frequency energy, strictens crackles to a 100-500 Hz band with an order-4 lfilter, reduces wheeze FM depth, and gently low-passes the sensor hiss at 1000 Hz instead of 400 Hz.","Removes the steeper breath roll-off, the order-2 crackle filter, and the 400 Hz hiss low-pass.","# COPD attenuation: 12 dB/octave slope via 1st order filtfilt (matches blueprint -12 to -18 dB/oct) · # This preserves more mid-frequency energy than a 24 dB/octave filter, improving MFCC overlap. · # Reduced FM depth for a more natural, less synthetic vibrato · # Use 4th order lfilter to strictly confine energy and prevent high ZCR leakage",# COPD attenuation: 24 dB/octave slope via 2nd order filtfilt (matches blueprint) · # Sensor hiss: heavily low-passed to avoid unnatural high ZCR,"breath_lp_order=2->1; crackle_bp=[100,800]->[100,500]; hiss_cutoff=400->1000","## Audio Signal-Space Discrepancy Report (MFCC + ZCR)
Reference (empirical sample): 65 files  |  Generated: 100 files  |  SR: 16000 Hz  |  MFCCs: 13  |  ZCR in score: yes
Overall overlap score: 0.4628  (1.0 = identical distributions)
| Feature                | Overlap | Mean Shift | Spread Ratio | Status |
### Observations
- Reference: 65 valid
- Generated: 100 valid
- Worst overlap: MFCC-9 (overlap = 0.250).
- 2 under-diverse (outside 0.5×–2.0× range).",,,,,,,,,COPD_seed2_023.txt
COPD,seed2,8,25,23,25,23,25,0.47868,0.50907,0.03038,mechanism,calibration,False,"Adds a second harmonic to the wheeze oscillator (w includes 0.2*sin(4*pi*phase_acc)) for a richer timbre, widens the crackle band to 100-800 Hz, increases the brown-rumble amplitude, and raises the sensor-hiss low-pass to 3000 Hz to restore mid-high frequency energy.",Removes the harmonic-free wheeze equation and the strict 100-500 Hz crackle band.,# Wheeze synthesis with a 2nd harmonic for richer timbre · w = (np.sin(2 * np.pi * phase_acc) + 0.2 * np.sin(4 * np.pi * phase_acc) + 0.1 * nb_noise) * (1.0 + 0.3 * am_noise) · # Bandpass filter crackles: 100 - 800 Hz (Coarse crackle profile with mid-frequency energy) · # Increased brown noise amplitude to lower overall ZCR. · # Sensor hiss: low-passed at 3000 Hz to provide mid-high frequency energy for MFCCs,w = (np.sin(2 * np.pi * phase_acc) + 0.1 * nb_noise) * (1.0 + 0.3 * am_noise) · # Bandpass filter crackles: 100 - 500 Hz (Coarse crackle profile) · # Sensor hiss: gently low-passed at 1000 Hz to provide a natural noise floor,"wheeze_harmonic=0->0.2; crackle_bp=[100,500]->[100,800]; hiss_cutoff=1000->3000; brown_amp=0.02-0.05->0.03-0.08","## Audio Signal-Space Discrepancy Report (MFCC + ZCR)
Reference (empirical sample): 65 files  |  Generated: 100 files  |  SR: 16000 Hz  |  MFCCs: 13  |  ZCR in score: yes
Overall overlap score: 0.4787  (1.0 = identical distributions)
| Feature                | Overlap | Mean Shift | Spread Ratio | Status |
### Observations
- Reference: 65 valid
- Generated: 100 valid
- Worst overlap: MFCC-0 (overlap = 0.260).
- All features within 0.5×–2.0× diversity range.",add_wheeze_harmonics,"Introduces a second harmonic to the primary sine wave during wheeze synthesis to produce a richer, more realistic polyphonic timbre.",w = (np.sin(2 * np.pi * phase_acc) + 0.2 * np.sin(4 * np.pi * phase_acc) + 0.1 * nb_noise) * (1.0 + 0.3 * am_noise),1,70;71,1,70,"The harmonic wheeze formula is verbatim at node 70 but is removed again at node 71 (remove_wheeze_harmonics), leaving only shared variable-name tokens there.",COPD_seed2_025.txt
COPD,seed2,9,70,25,70,25,70,0.50907,0.48533,-0.02374,heterogeneity,calibration,False,"Randomises the brown-rumble cutoff to uniform(30,100) Hz for diversity and lowers the sensor-hiss low-pass to uniform(250,700) Hz at order 2, so the background mimics hyperinflated-lung acoustic insulation and drives ZCR down.",Removes the fixed 50 Hz brown filter and the 3000 Hz order-1 hiss filter.,"brown_cutoff = np.random.uniform(30, 100) · b_brown, a_brown = signal.butter(1, brown_cutoff, btype='lowpass', fs=SR) · hiss_cutoff = np.random.uniform(250, 700) · b_hiss, a_hiss = signal.butter(2, hiss_cutoff, btype='lowpass', fs=SR)","b_brown, a_brown = signal.butter(1, 50, btype='lowpass', fs=SR) · b_hiss, a_hiss = signal.butter(1, 3000, btype='lowpass', fs=SR)","brown_cutoff=50->uniform(30,100); hiss_cutoff=3000->uniform(250,700); hiss_order=1->2","## Audio Signal-Space Discrepancy Report (MFCC + ZCR)
Reference (empirical sample): 65 files  |  Generated: 100 files  |  SR: 16000 Hz  |  MFCCs: 13  |  ZCR in score: yes
Overall overlap score: 0.5091  (1.0 = identical distributions)
| Feature                | Overlap | Mean Shift | Spread Ratio | Status |
### Observations
- Reference: 65 valid
- Generated: 100 valid
- Worst overlap: MFCC-1 (overlap = 0.251).
- 1 under-diverse (outside 0.5×–2.0× range).",,,,,,,,,COPD_seed2_070.txt
COPD,seed2,10,71,70,71,70,71,0.48533,0.52121,0.03588,mechanism,,False,"Removes the artificial second harmonic from the wheeze synthesis (back to a pure sine + narrowband noise), steepens the breath low-pass back to order-2 (24 dB/octave), sets the crackle band to 150-400 Hz to match the blueprint, and raises the sensor hiss to 1000-2500 Hz to model stethoscope response rather than lung insulation.","Removes the harmonic term (0.2*sin(4*pi*phase_acc)) added at node 25, the 12 dB/octave breath filter, and the 100-800 Hz crackle band.",# COPD attenuation: 2nd order filtfilt (effective 24 dB/octave) for heavy acoustic insulation · # Wheeze synthesis without artificial harmonics for a more organic sound · w = (np.sin(2 * np.pi * phase_acc) + 0.15 * nb_noise) * (1.0 + 0.3 * am_noise) · # Bandpass filter crackles: 150 - 400 Hz (Blueprint) · # Sensor hiss: low-passed at a higher frequency (1000-2500 Hz) to simulate stethoscope response,w = (np.sin(2 * np.pi * phase_acc) + 0.2 * np.sin(4 * np.pi * phase_acc) + 0.1 * nb_noise) * (1.0 + 0.3 * am_noise) · # Bandpass filter crackles: 100 - 800 Hz (Coarse crackle profile with mid-frequency energy) · # Sensor hiss: low-passed at a much lower frequency (250-700 Hz) to simulate acoustic insulation,"wheeze_harmonic=0.2->0; breath_lp_order=1->2; crackle_bp=[100,800]->[150,400]; hiss_cutoff=250-700->1000-2500","## Audio Signal-Space Discrepancy Report (MFCC + ZCR)
Reference (empirical sample): 65 files  |  Generated: 100 files  |  SR: 16000 Hz  |  MFCCs: 13  |  ZCR in score: yes
Overall overlap score: 0.4853  (1.0 = identical distributions)
| Feature                | Overlap | Mean Shift | Spread Ratio | Status |
### Observations
- Reference: 65 valid
- Generated: 100 valid
- Worst overlap: MFCC-1 (overlap = 0.168).
- All features within 0.5×–2.0× diversity range.",remove_wheeze_harmonics,"Removed the artificial second harmonic from the wheeze synthesis equation to produce a more organic, less synthetic sound.",w = (np.sin(2 * np.pi * phase_acc) + 0.15 * nb_noise) * (1.0 + 0.3 * am_noise),,,,,Born at the final lineage node; no later code to reuse.,COPD_seed2_071.txt
COPD,seed3,1,1,0,1,0,1,0.1283,0.49984,0.37154,mechanism,temporal|recording process,False,"Full root rewrite: builds a cycle-by-cycle respiratory envelope that samples inspiration/expiration/pause durations per breath, adds a silent-chest severe subtype, models breath sounds as pink noise through a steep order-4 low-pass (150-250 Hz), wheezes as FM/AM sines triggered per expiration, and crackles as band-passed (150-400 Hz) hann-windowed bursts clustered in early inspiration; output is resampled 44.1k->16k and normalised only on clipping.","Removes the rr/ie_ratio phase envelope, the white-noise band-pass breath body, global-mask wheezes, and convolution-kernel crackles.","while current_idx < total_samples: · insp_dur = np.random.normal(1.2, 0.1) · exp_dur = np.random.normal(5.0, 0.4) · env[current_idx:current_idx+exp_len] = np.sin(np.pi * np.arange(exp_len) / exp_len) * np.exp(-3.0 * np.arange(exp_len) / exp_len) · b_c, a_c = signal.butter(4, [150, 400], btype='bandpass', fs=SR) · burst = burst * window","rr = np.random.uniform(14, 18) · cycle_len = 60.0 / rr · phase = (t % cycle_len) / cycle_len · env[mask_e] = (np.sin(np.pi * (phase[mask_e] - p_i) / (1.0 - p_i)) * np.exp(-3.0 * (phase[mask_e] - p_i) / (1.0 - p_i))) · b, a = signal.butter(4, [100, 800], btype='bandpass', fs=SR) · kernel = np.sin(2 * np.pi * crackle_freq * k_t) * np.exp(-decay * k_t)",DURATION=20.0->10.0; N_SAMPLES=20->100,"## Audio Signal-Space Discrepancy Report (MFCC + ZCR)
Reference (empirical sample): 65 files  |  Generated: 20 files  |  SR: 16000 Hz  |  MFCCs: 13  |  ZCR in score: yes
Overall overlap score: 0.1283  (1.0 = identical distributions)
| Feature                | Overlap | Mean Shift | Spread Ratio | Status |
### Observations
- Reference: 65 valid
- Generated: 20 valid
- Worst overlap: MFCC-5 (overlap = 0.000).
- 2 over-diverse (outside 0.5×–2.0× range).",stochastic_respiratory_cycle_jitter,"Replaces a fixed periodic respiratory envelope with cycle-by-cycle stochastic variation by independently sampling inspiration, expiration, and pause durations for each breath.","insp_dur = np.random.normal(1.2, 0.1); exp_dur = np.random.normal(3.0, 0.3)",1,11;41;47;62;75;76;77;83,1,11;41;47;62;75;76;77;83,The insp_dur/exp_dur normal draws and the cycle-by-cycle while loop persist in every later script (nodes 11-83); crackles and wheezes schedule off the same cycle_starts/exp_starts.,COPD_seed3_001.txt
COPD,seed3,2,11,1,11,1,11,0.49984,0.53071,0.03088,recording process,mechanism,False,"Softens the breath low-pass to order-3 (18 dB/octave), gives wheezes a narrowband noise component (w_sine + 0.2*w_noise, f0 +/- 50 Hz), widens crackles to 100-1000 Hz, and replaces the subtle low-level noise floor with a dominant body-rumble (order-2 low-pass at 100 Hz, *0.015) plus pink room noise.","Removes the order-4 breath low-pass, pure-sine wheezes, the 150-400 Hz crackle band, and the faint 1e-4 noise floor.","b, a = signal.butter(3, cutoff, btype='lowpass', fs=SR) · w_sine = np.sin(2 * np.pi * phase_acc) · b_wn, a_wn = signal.butter(2, [max(50, f0 - 50), min(SR/2 - 1, f0 + 50)], btype='bandpass', fs=SR) · w_noise = signal.filtfilt(b_wn, a_wn, w_noise) · w = w_sine + 0.2 * w_noise · rumble_white = np.random.normal(0, 1, total_samples)","b, a = signal.butter(4, cutoff, btype='lowpass', fs=SR) · w = np.sin(2 * np.pi * phase_acc) · b_c, a_c = signal.butter(4, [150, 400], btype='bandpass', fs=SR) · white_nf = np.random.normal(0, 1e-4, total_samples) · noise_floor = signal.lfilter([1.0], [1.0, -0.95], white_nf)","breath_lp_order=4->3; crackle_bp=[150,400]->[100,1000]","## Audio Signal-Space Discrepancy Report (MFCC + ZCR)
Reference (empirical sample): 65 files  |  Generated: 100 files  |  SR: 16000 Hz  |  MFCCs: 13  |  ZCR in score: yes
Overall overlap score: 0.4998  (1.0 = identical distributions)
| Feature                | Overlap | Mean Shift | Spread Ratio | Status |
### Observations
- Reference: 65 valid
- Generated: 100 valid
- Worst overlap: ZCR (overlap = 0.015).
- 5 over-diverse (outside 0.5×–2.0× range).",add_low_frequency_body_rumble,Introduces a dominant low-frequency body rumble below 100 Hz to the noise floor to simulate the acoustic environment of an electronic stethoscope and anchor the zero-crossing rate.,"b_r, a_r = signal.butter(2, 100, btype='lowpass', fs=SR); body_rumble = signal.filtfilt(b_r, a_r, rumble_white)",1,41;47;62;75;76;77;83,1,41;47;62;75;76;77;83,The body-rumble block (rumble_white -> butter low-pass -> body_rumble scaled) persists in every later script with only amplitude/cutoff re-tuning.,COPD_seed3_011.txt
COPD,seed3,3,41,11,41,11,41,0.53071,0.57099,0.04027,calibration,,False,"Narrows the crackle band from 100-1000 Hz to 100-500 Hz to cut unnatural high-frequency transients, slows the wheeze AM low-pass from 50 to 10 Hz with normalisation and doubles its depth (0.2->0.4), and rebalances the noise floor: body rumble up to *0.08 and the room noise made browner (coeff 0.95->0.98) and louder.","Removes the wide 100-1000 Hz crackle band, the faster 50 Hz AM filter, and the weaker rumble/room amplitudes.","b_n, a_n = signal.butter(2, 10, btype='lowpass', fs=SR) · max_nlp = np.max(np.abs(noise_lp)) · if max_nlp > 0: · noise_lp = noise_lp / max_nlp · w = w * (1.0 + 0.4 * noise_lp) · b_c, a_c = signal.butter(2, [100, 500], btype='bandpass', fs=SR)","b_n, a_n = signal.butter(2, 50, btype='lowpass', fs=SR) · w = w * (1.0 + 0.2 * noise_lp) · b_c, a_c = signal.butter(2, [100, 1000], btype='bandpass', fs=SR) · body_rumble = (body_rumble / max_r) * 0.015 · room_noise = signal.lfilter([1.0], [1.0, -0.95], room_white)",crackle_hi=1000->500; am_cutoff=50->10; am_depth=0.2->0.4; rumble_amp=0.015->0.08; room_coeff=0.95->0.98; room_amp=0.002->0.005,"## Audio Signal-Space Discrepancy Report (MFCC + ZCR)
Reference (empirical sample): 65 files  |  Generated: 100 files  |  SR: 16000 Hz  |  MFCCs: 13  |  ZCR in score: yes
Overall overlap score: 0.5307  (1.0 = identical distributions)
| Feature                | Overlap | Mean Shift | Spread Ratio | Status |
### Observations
- Reference: 65 valid
- Generated: 100 valid
- Worst overlap: ZCR (overlap = 0.086).
- 5 over-diverse (outside 0.5×–2.0× range).",narrow_crackle_frequency_band,Lowers the upper cutoff frequency of the bandpass filter applied to crackle bursts from 1000 Hz to 500 Hz to reduce unnatural high-frequency transients.,"b_c, a_c = signal.butter(2, [100, 500], btype='bandpass', fs=SR)",1,47;62;75;76;77;83,1,47;75;77,"The 100-500 Hz band-pass (b_c,a_c = butter(2,[100,500],...)) is verbatim at nodes 47, 75 and 77; nodes 62 (100-800), 76 (100-1200) and 83 (150-400) widen or shift the band, so they do not apply the narrowing mechanism.",COPD_seed3_041.txt
COPD,seed3,4,47,41,47,41,47,0.57099,0.6094,0.03841,mechanism,calibration,False,"Adds low-frequency stochastic FM jitter to wheezes (fm_jitter from a 2 Hz low-pass, modulating the phase), widens the wheeze narrowband noise to f0 +/- 150 Hz at higher weight, preserves crackle transients with a dry/wet mix (0.8*filtered + 0.2*raw), and randomises body-rumble amplitude (0.4-0.6) while re-brightening the room floor to pink.","Removes the jitter-free FM, the narrower 100-500 Hz crackle-only filtering, the fixed rumble amplitude, and the brown room floor.","fm_jitter = signal.filtfilt(*signal.butter(2, 2, btype='lowpass', fs=SR), np.random.normal(0, 1, total_samples)) · fm = f0 + fm_depth * np.sin(2 * np.pi * fm_rate * t + fm_jitter * np.pi) · b_wn, a_wn = signal.butter(2, [max(50, f0 - 50), min(SR/2 - 1, f0 + 150)], btype='bandpass', fs=SR) · crackle_filtered = signal.filtfilt(b_c, a_c, crackle_sound) · crackle_sound = 0.8 * crackle_filtered + 0.2 * crackle_sound · body_rumble = (body_rumble / max_r) * np.random.uniform(0.4, 0.6)","fm = f0 + fm_depth * np.sin(2 * np.pi * fm_rate * t) · crackle_sound = signal.filtfilt(b_c, a_c, crackle_sound) · body_rumble = (body_rumble / max_r) * 0.08 · room_noise = signal.lfilter([1.0], [1.0, -0.98], room_white)","breath_amp=0.1-0.15->0.05-0.08 (mild); wheeze_intensity=0.1-0.15->0.03-0.06 (mild); wn_width=+50->+150; wn_weight=0.2->0.4; rumble_amp=0.08->uniform(0.4,0.6)","## Audio Signal-Space Discrepancy Report (MFCC + ZCR)
Reference (empirical sample): 65 files  |  Generated: 100 files  |  SR: 16000 Hz  |  MFCCs: 13  |  ZCR in score: yes
Overall overlap score: 0.5710  (1.0 = identical distributions)
| Feature                | Overlap | Mean Shift | Spread Ratio | Status |
### Observations
- Reference: 65 valid
- Generated: 100 valid
- Worst overlap: ZCR (overlap = 0.183).
- 2 over-diverse (outside 0.5×–2.0× range).",dry_wet_transient_preservation,Mixing a bandpass-filtered signal with a fraction of the original unfiltered signal to preserve broadband transient characteristics.,crackle_sound = 0.8 * crackle_filtered + 0.2 * crackle_sound,1,62;75;76;77;83,1,75,crackle_mixed = 0.8*crackle_filtered + 0.2*crackle_sound is present at node 75 (re-introduced) after being removed at node 62 and removed again from node 76 onward; only variable-name tokens remain there.,COPD_seed3_047.txt
COPD,seed3,5,9,47,62,47,62,0.6094,0.65912,0.04973,mechanism,calibration,False,"Splits wheeze FM into a slow vibrato (fm_depth_vib) and a larger wandering-pitch term (fm_depth_wander * fm_jitter from a 1 Hz low-pass), adds a first harmonic to the wheeze sine (0.4*sin(4*pi*phase_acc)), multiplies each wheeze segment by the normalised expiratory envelope, widens crackles to 100-800 Hz (dropping the dry/wet mix), and adds per-severity breath-cutoff draws with a browner room floor.","Removes the single fm_depth jitter model, the harmonic-free wheeze sine, the dry/wet crackle mix, and the fixed 150-250 Hz breath cutoff.","cutoff = np.random.uniform(250, 450) · fm_depth_vib = f0 * np.random.uniform(0.01, 0.03) · fm_depth_wander = f0 * np.random.uniform(0.05, 0.1) · fm = f0 + fm_depth_vib * np.sin(2 * np.pi * fm_rate * t) + fm_depth_wander * fm_jitter · w_sine = np.sin(2 * np.pi * phase_acc) + 0.4 * np.sin(4 * np.pi * phase_acc) · exp_env = env[trigger_idx:trigger_idx+total_len]","fm_depth = f0 * np.random.uniform(0.02, 0.05) · fm = f0 + fm_depth * np.sin(2 * np.pi * fm_rate * t + fm_jitter * np.pi) · w_sine = np.sin(2 * np.pi * phase_acc) · crackle_sound = 0.8 * crackle_filtered + 0.2 * crackle_sound · cutoff = np.random.uniform(150, 250)","wn_weight=0.4->0.3; crackle_bp=[100,500]->[100,800]; crackle_amp=0.05-0.1->0.05-0.15; rumble_amp=0.4-0.6->0.5-0.8; room_coeff=0.95->0.98","## Audio Signal-Space Discrepancy Report (MFCC + ZCR)
Reference (empirical sample): 65 files  |  Generated: 100 files  |  SR: 16000 Hz  |  MFCCs: 13  |  ZCR in score: yes
Overall overlap score: 0.6094  (1.0 = identical distributions)
| Feature                | Overlap | Mean Shift | Spread Ratio | Status |
### Observations
- Reference: 65 valid
- Generated: 100 valid
- Worst overlap: ZCR (overlap = 0.353).
- 2 under-diverse (outside 0.5×–2.0× range).",add_harmonics_to_oscillator,"Adds a first harmonic to the base sine wave during signal generation to produce a more realistic, less synthetic timbre.",w_sine = np.sin(2 * np.pi * phase_acc) + 0.4 * np.sin(4 * np.pi * phase_acc),1,75;76;77;83,1,75;76;77;83,"The harmonic-layered wheeze oscillator w_sine = sin(2pi)+a*sin(4pi)[+b*sin(6pi)] persists in all later scripts; harmonic weights evolve 0.4->0.2->(0.3,0.1).",COPD_seed3_062.txt
COPD,seed3,6,22,62,75,62,75,0.65912,0.64698,-0.01214,mechanism,heterogeneity,False,"Re-introduces the dry/wet crackle mix (crackle_mixed = 0.8*filtered + 0.2*raw) with the band narrowed back to 100-500 Hz and longer bursts, randomises the body-rumble cutoff (80-150 Hz), and broadly widens severity amplitude/probability ranges, wheeze f0 to 120-400, and room-noise amplitude.","Removes the pure 100-800 Hz crackle filtering, the fixed 100 Hz rumble cutoff, and the narrower severity ranges of node 62.","crackle_filtered = signal.filtfilt(b_c, a_c, crackle_sound) · crackle_mixed = 0.8 * crackle_filtered + 0.2 * crackle_sound · crackle_sound = (crackle_mixed / max_c) * np.random.uniform(0.05, 0.25) · b_r, a_r = signal.butter(2, np.random.uniform(80, 150), btype='lowpass', fs=SR) · n_wheezes = np.random.randint(1, 5) # 1 to 4 polyphonic wheezes · f0 = np.random.uniform(120, 400)","crackle_sound = signal.filtfilt(b_c, a_c, crackle_sound) · b_r, a_r = signal.butter(2, 100, btype='lowpass', fs=SR) · n_wheezes = np.random.randint(2, 5) # 2 to 4 polyphonic wheezes · f0 = np.random.uniform(150, 600)","crackle_bp=[100,800]->[100,500]; rumble_cutoff=100->uniform(80,150); n_wheezes_max=5->4; f0=150-600->120-400","## Audio Signal-Space Discrepancy Report (MFCC + ZCR)
Reference (empirical sample): 65 files  |  Generated: 100 files  |  SR: 16000 Hz  |  MFCCs: 13  |  ZCR in score: yes
Overall overlap score: 0.6591  (1.0 = identical distributions)
| Feature                | Overlap | Mean Shift | Spread Ratio | Status |
### Observations
- Reference: 65 valid
- Generated: 100 valid
- Worst overlap: ZCR (overlap = 0.487).
- 2 under-diverse (outside 0.5×–2.0× range).",,,,,,,,,COPD_seed3_075.txt
COPD,seed3,7,23,75,76,75,76,0.64698,0.68401,0.03703,mechanism,calibration,False,"Enriches the wheeze harmonic stack to a third harmonic (0.3*sin(4*pi*) + 0.1*sin(6*pi*)) for a less synthetic timbre, drops the breath low-pass to order-2 (12 dB/octave) to let mid-frequencies through, widens the crackle band to 100-1200 Hz and removes the dry/wet mix, and lengthens the crackle clustering window to 500 ms.","Removes the order-3 breath filter, the single-harmonic wheeze, the 100-500 Hz dry/wet crackle mix, and the 400 ms crackle window.","# 2nd order lowpass filter (12 dB/octave) to simulate acoustic insulation · b, a = signal.butter(2, cutoff, btype='lowpass', fs=SR) · w_sine = (np.sin(2 * np.pi * phase_acc) +  · 0.3 * np.sin(4 * np.pi * phase_acc) +  · 0.1 * np.sin(6 * np.pi * phase_acc)) · b_c, a_c = signal.butter(2, [100, 1200], btype='bandpass', fs=SR)","# 3rd order lowpass filter (18 dB/octave) to simulate severe acoustic insulation · w_sine = np.sin(2 * np.pi * phase_acc) + 0.2 * np.sin(4 * np.pi * phase_acc) · crackle_mixed = 0.8 * crackle_filtered + 0.2 * crackle_sound · b_c, a_c = signal.butter(2, [100, 500], btype='bandpass', fs=SR)","breath_lp_order=3->2; crackle_bp=[100,500]->[100,1200]; n_crackles=3-10->3-12; crackle_offset=0.4->0.5s; burst_len=10-20->5-15ms","## Audio Signal-Space Discrepancy Report (MFCC + ZCR)
Reference (empirical sample): 65 files  |  Generated: 100 files  |  SR: 16000 Hz  |  MFCCs: 13  |  ZCR in score: yes
Overall overlap score: 0.6470  (1.0 = identical distributions)
| Feature                | Overlap | Mean Shift | Spread Ratio | Status |
### Observations
- Reference: 65 valid
- Generated: 100 valid
- Worst overlap: MFCC-1 (overlap = 0.519).
- All features within 0.5×–2.0× diversity range.",enrich_wheeze_harmonics,"Added an additional harmonic and increased the amplitude of the first harmonic to create a richer, less synthetic wheeze timbre.",w_sine = (np.sin(2 * np.pi * phase_acc) + 0.3 * np.sin(4 * np.pi * phase_acc) + 0.1 * np.sin(6 * np.pi * phase_acc)),1,77;83,1,77;83,The 3-harmonic w_sine line (0.3*sin(4pi) + 0.1*sin(6pi)) persists verbatim at nodes 77 and 83.,COPD_seed3_076.txt
COPD,seed3,8,24,76,77,76,77,0.68401,0.67181,-0.0122,calibration,,True,"Reverts the crackle parameters to the coarse-crackle blueprint: band back to 100-500 Hz, 3-8 crackles per breath, and 10-20 ms bursts clustered in the first 400 ms of inspiration.","Removes the wide 100-1200 Hz band, the 3-12 crackle count, and the 5-15 ms burst / 500 ms window of node 76.","n_crackles_cycle = np.random.randint(3, 9) # 3 to 8 crackles per blueprint · burst_len = int(np.random.uniform(0.010, 0.020) * SR) # 10-20 ms per blueprint · b_c, a_c = signal.butter(2, [100, 500], btype='bandpass', fs=SR)","n_crackles_cycle = np.random.randint(3, 12) · burst_len = int(np.random.uniform(0.005, 0.015) * SR) · b_c, a_c = signal.butter(2, [100, 1200], btype='bandpass', fs=SR)","crackle_bp=[100,1200]->[100,500]; n_crackles=3-12->3-9; burst_len=5-15->10-20ms; crackle_offset=500->400ms","## Audio Signal-Space Discrepancy Report (MFCC + ZCR)
Reference (empirical sample): 65 files  |  Generated: 100 files  |  SR: 16000 Hz  |  MFCCs: 13  |  ZCR in score: yes
Overall overlap score: 0.6840  (1.0 = identical distributions)
| Feature                | Overlap | Mean Shift | Spread Ratio | Status |
### Observations
- Reference: 65 valid
- Generated: 100 valid
- Worst overlap: MFCC-2 (overlap = 0.512).
- All features within 0.5×–2.0× diversity range.",,,,,,,,,COPD_seed3_077.txt
COPD,seed3,9,30,77,83,77,83,0.67181,0.68879,0.01698,calibration,mechanism,False,"Steepens the breath low-pass back to order-4 (24 dB/octave) using SOS format for numerical stability, narrows the crackle band to 150-400 Hz per blueprint, lowers per-severity breath cutoffs, and widens the wheeze f0 range to 150-600 Hz.","Removes the order-2 filtfilt breath filter, the 100-500 Hz crackle band, and the narrower f0 range.","# 4th order lowpass filter (24 dB/octave) to simulate heavy acoustic insulation · # Using SOS format for numerical stability with higher order and low cutoffs · sos = signal.butter(4, cutoff, btype='lowpass', fs=SR, output='sos') · breath_sound = signal.sosfiltfilt(sos, pink_noise) · b_c, a_c = signal.butter(2, [150, 400], btype='bandpass', fs=SR)","# 2nd order lowpass filter (12 dB/octave) to simulate acoustic insulation · b, a = signal.butter(2, cutoff, btype='lowpass', fs=SR) · breath_sound = signal.filtfilt(b, a, pink_noise) · b_c, a_c = signal.butter(2, [100, 500], btype='bandpass', fs=SR)","breath_lp_order=2->4(sos); crackle_bp=[100,500]->[150,400]; f0=120-400->150-600","## Audio Signal-Space Discrepancy Report (MFCC + ZCR)
Reference (empirical sample): 65 files  |  Generated: 100 files  |  SR: 16000 Hz  |  MFCCs: 13  |  ZCR in score: yes
Overall overlap score: 0.6718  (1.0 = identical distributions)
| Feature                | Overlap | Mean Shift | Spread Ratio | Status |
### Observations
- Reference: 65 valid
- Generated: 100 valid
- Worst overlap: MFCC-1 (overlap = 0.533).
- All features within 0.5×–2.0× diversity range.",,,,,,,,,COPD_seed3_083.txt
AF,seed1,1,1,0,1,0,1,0.21591,0.47432,0.25841,mechanism,,False,"Added a high-pass filter stage (2nd-order Butterworth at 0.5 Hz) applied to the synthesized signal before noise/baseline to remove DC and create physiological undershoot/deep valleys, and replaced RR-scaled narrow pulses with fixed wider widths plus an amplitude floor.",Removed the RR-interval (sqrt(curr_rr))-scaled pulse width/timing logic and the anti-aliasing-only output filter.,"b_hp, a_hp = butter(2, 0.5 / nyq, btype='high') · signal = filtfilt(b_hp, a_hp, signal) · signal_filt = filtfilt(b_lp, a_lp, signal) · amp = 0.3 + 0.7 * (1.0 - np.exp(-prev_rr / tau)) · w1 = 0.055 · t1 = b_time + 0.12",amp = 1.0 - np.exp(-prev_rr / tau) · if i < len(rr_intervals): · t1 = b_time + 0.15 * np.sqrt(curr_rr) · w1 = 0.05 * np.sqrt(curr_rr) · t2 = t1 + 0.15 * np.sqrt(curr_rr) · w2 = 0.07 * np.sqrt(curr_rr),tau=0.5->0.6; mean_hr=60-140->60-110; dicrotic_ratio=0.1-0.5->0.2-0.6; bw_amp=0.05-0.4->0.02-0.15; noise_amp=0.005-0.05->0.002-0.015; bw_freq=0.15-0.4->0.15-0.35,"## PPG Signal-Space Discrepancy Report
Overall score: 0.2159
| Feature                      |    Value |  Benchmark |      Gap |
  *Gen mean: 98.106, ref mean: 83.107 bpm.*
  *Gen mean: 639.638, ref mean: 741.775 ms.*
  *Gen mean: 200.535, ref mean: 216.620 ms.*
  *Gen mean: 275.613, ref mean: 308.745 ms.*
  *Gen mean: 0.613, ref mean: 1.421 a.u..*
  *Gen mean: 0.187, ref mean: 0.110 a.u..*
  *Gen mean: 0.769, ref mean: 0.475 a.u..*
  *Gen mean: 38.499, ref mean: 52.087 ms.*
  *Gen mean: 127.978, ref mean: 238.065 ms.*
  *Gen mean: 49.190, ref mean: 38.958.*
### Observations
- Valid segments: 95 reference, 100 generated.
- Heart rate (bpm): low similarity (0.171).  Gen 98.106 vs ref 83.107.
- Pulse interval mean: low similarity (0.218).  Gen 639.638 vs ref 741.775.
- Systolic peak amplitude mean: low similarity (0.094).  Gen 0.613 vs ref 1.421.
- Systolic peak amplitude std: low similari …",add_high_pass_filter,Applies a high-pass filter to the synthesized signal to remove DC offset and introduce physiological undershoot.,"b_hp, a_hp = butter(2, 0.5 / nyq, btype='high'); signal = filtfilt(b_hp, a_hp, signal)",1,2;5;6;34;35;36,1,2;5;6;34;35;36,Later lineage scripts retain the butter/filtfilt high-pass centering stage (cutoff retuned 0.25-0.6 Hz); token evidence under-reports its verbatim survival.,AF_seed1_001.txt
AF,seed1,2,2,1,2,1,2,0.47432,0.53758,0.06325,mechanism,,False,"Added a systolic-shoulder Gaussian component (w1b=0.10, t1b=t1+0.07 s, a1b=0.6*amp) between the main peak and the diastolic wave to widen the peak and slow its initial decay.",No behavioural component removed; pulse-morphology comments were only reorganized.,a1b = amp * 0.6 · w1b = 0.10 · t1b = t1 + 0.07 · a1b * np.exp(-0.5 * ((t_window - t1b) / w1b)**2) + \ · w1 = 0.05 · t1 = b_time + 0.20,w1 = 0.055 · t1 = b_time + 0.12 · w2 = 0.18,hp_cutoff=0.5->0.6; w1=0.055->0.05; t1_delay=0.12->0.20; w2=0.18->0.20,"## PPG Signal-Space Discrepancy Report
Overall score: 0.4743
| Feature                      |    Value |  Benchmark |      Gap |
  *Gen mean: 84.859, ref mean: 83.107 bpm.*
  *Gen mean: 728.641, ref mean: 741.775 ms.*
  *Gen mean: 236.767, ref mean: 216.620 ms.*
  *Gen mean: 335.284, ref mean: 308.745 ms.*
  *Gen mean: 0.692, ref mean: 1.421 a.u..*
  *Gen mean: 0.133, ref mean: 0.110 a.u..*
  *Gen mean: 0.559, ref mean: 0.475 a.u..*
  *Gen mean: 55.830, ref mean: 52.087 ms.*
  *Gen mean: 156.579, ref mean: 238.065 ms.*
  *Gen mean: 42.480, ref mean: 38.958.*
### Observations
- Valid segments: 95 reference, 100 generated.
- Systolic peak amplitude mean: low similarity (0.118).  Gen 0.692 vs ref 1.421.
- Rise time mean: low similarity (0.284).  Gen 55.830 vs ref 52.087.
- Pulse width mean: low similarity (0.002).  Gen 156.579 vs ref 238.065.",add_systolic_shoulder_component,"Introduces a third Gaussian component to the pulse morphology to model the systolic shoulder, widening the peak and slowing the initial decay.",a1b * np.exp(-0.5 * ((t_window - t1b) / w1b)**2),1,5;6;34;35;36,1,5;6;34;35;36,"Shoulder Gaussian a1b*exp(-0.5*((t_window-t1b)/w1b)^2) remains verbatim in scripts 5,6,34,35,36.",AF_seed1_002.txt
AF,seed1,3,5,2,5,2,5,0.53758,0.58769,0.05011,calibration,,True,"Lowered the high-pass cutoff from 0.6 to 0.25 Hz to prevent excessive waveform distortion and deep valleys, and retuned the amplitude floor and shoulder/diastolic Gaussian widths.",Replaced the 0.6 Hz high-pass setting and the earlier shoulder/diastolic parameter values.,"b_hp, a_hp = butter(2, 0.25 / nyq, btype='high') · amp = 0.4 + 0.6 * (1.0 - np.exp(-prev_rr / tau)) · w1b = 0.14 · a1b = amp * 0.7 · w2 = 0.22 · t2 = t1 + 0.26","b_hp, a_hp = butter(2, 0.6 / nyq, btype='high') · amp = 0.3 + 0.7 * (1.0 - np.exp(-prev_rr / tau)) · w1b = 0.10 · a1b = amp * 0.6 · w2 = 0.20 · t2 = t1 + 0.22",hp_cutoff=0.6->0.25; amp_floor=0.3->0.4; w1b=0.10->0.14; a1b_gain=0.6->0.7; w2=0.20->0.22; t2_delay=0.22->0.26; mean_hr=60-110->55-105; irregularity_up=0.25->0.20; dicrotic_ratio=0.2-0.6->0.1-0.5,"## PPG Signal-Space Discrepancy Report
Overall score: 0.5376
| Feature                      |    Value |  Benchmark |      Gap |
  *Gen mean: 84.760, ref mean: 83.107 bpm.*
  *Gen mean: 729.375, ref mean: 741.775 ms.*
  *Gen mean: 236.095, ref mean: 216.620 ms.*
  *Gen mean: 333.798, ref mean: 308.745 ms.*
  *Gen mean: 0.702, ref mean: 1.421 a.u..*
  *Gen mean: 0.137, ref mean: 0.110 a.u..*
  *Gen mean: 0.563, ref mean: 0.475 a.u..*
  *Gen mean: 52.378, ref mean: 52.087 ms.*
  *Gen mean: 177.423, ref mean: 238.065 ms.*
  *Gen mean: 42.280, ref mean: 38.958.*
### Observations
- Valid segments: 95 reference, 100 generated.
- Systolic peak amplitude mean: low similarity (0.121).  Gen 0.702 vs ref 1.421.
- Pulse width mean: low similarity (0.011).  Gen 177.423 vs ref 238.065.",reduce_high_pass_cutoff,"Lowering the high-pass filter cutoff frequency preserves the low-frequency components of the PPG signal, preventing excessive waveform distortion and artificially deep valleys.","b_hp, a_hp = butter(2, 0.25 / nyq, btype='high')",1,6;34;35;36,1,34;36,0.25 Hz cutoff verbatim in scripts 34 and 36; nodes 6/35 reverted to 0.6 Hz so they do not reuse it.,AF_seed1_005.txt
AF,seed1,4,6,5,6,5,6,0.58769,0.61758,0.02989,calibration,,True,"Raised the high-pass cutoff from 0.25 to 0.6 Hz to create deeper valleys, steepen rise time, and raise AC amplitude; slightly widened the shoulder/diastolic Gaussians.",Replaced the 0.25 Hz high-pass setting and previous shoulder/diastolic widths.,"b_hp, a_hp = butter(2, 0.6 / nyq, btype='high') · w1 = 0.06 · w1b = 0.15 · w2 = 0.28","b_hp, a_hp = butter(2, 0.25 / nyq, btype='high') · w1 = 0.05 · w1b = 0.14 · w2 = 0.22",hp_cutoff=0.25->0.6; w1=0.05->0.06; w1b=0.14->0.15; w2=0.22->0.28; irregularity=0.05-0.20->0.04-0.15; dicrotic_ratio=0.1-0.5->0.2-0.6; bw_amp=0.02-0.15->0.01-0.08,"## PPG Signal-Space Discrepancy Report
Overall score: 0.5877
| Feature                      |    Value |  Benchmark |      Gap |
  *Gen mean: 83.148, ref mean: 83.107 bpm.*
  *Gen mean: 743.526, ref mean: 741.775 ms.*
  *Gen mean: 232.624, ref mean: 216.620 ms.*
  *Gen mean: 335.335, ref mean: 308.745 ms.*
  *Gen mean: 0.719, ref mean: 1.421 a.u..*
  *Gen mean: 0.116, ref mean: 0.110 a.u..*
  *Gen mean: 0.492, ref mean: 0.475 a.u..*
  *Gen mean: 59.593, ref mean: 52.087 ms.*
  *Gen mean: 195.179, ref mean: 238.065 ms.*
  *Gen mean: 41.440, ref mean: 38.958.*
### Observations
- Valid segments: 95 reference, 100 generated.
- Systolic peak amplitude mean: low similarity (0.127).  Gen 0.719 vs ref 1.421.
- Rise time mean: low similarity (0.094).  Gen 59.593 vs ref 52.087.
- Pulse width mean: low similarity (0.059).  Gen 195.179 vs ref 238.065.",increase_high_pass_cutoff,Increasing the high-pass filter cutoff frequency enhances waveform morphology by creating deeper valleys and steepening the rise time.,"b_hp, a_hp = butter(2, 0.6 / nyq, btype='high')",1,34;35;36,1,35,0.6 Hz cutoff verbatim only in script 35; nodes 34/36 reverted to 0.25 Hz so no reuse.,AF_seed1_006.txt
AF,seed1,5,34,6,34,6,34,0.61758,0.601,-0.01659,calibration,,True,"Narrowed the main systolic peak (w1 0.06->0.045) to reduce rise time, reduced the high-pass cutoff back to 0.25 Hz, and increased baseline-wander amplitude.",Replaced the wider systolic peak and the 0.6 Hz high-pass setting.,"w1 = 0.045 · w1b = 0.18 · b_hp, a_hp = butter(2, 0.25 / nyq, btype='high') · amp = 0.3 + 0.7 * (1.0 - np.exp(-prev_rr / tau))","w1 = 0.06 · w1b = 0.15 · b_hp, a_hp = butter(2, 0.6 / nyq, btype='high') · amp = 0.4 + 0.6 * (1.0 - np.exp(-prev_rr / tau))",amp_floor=0.4->0.3; w1=0.06->0.045; w1b=0.15->0.18; a1b_gain=0.7->0.6; w2=0.28->0.32; hp_cutoff=0.6->0.25; bw_amp=0.01-0.08->0.05-0.15,"## PPG Signal-Space Discrepancy Report
Overall score: 0.6176
| Feature                      |    Value |  Benchmark |      Gap |
  *Gen mean: 81.953, ref mean: 83.107 bpm.*
  *Gen mean: 757.400, ref mean: 741.775 ms.*
  *Gen mean: 208.897, ref mean: 216.620 ms.*
  *Gen mean: 298.501, ref mean: 308.745 ms.*
  *Gen mean: 0.757, ref mean: 1.421 a.u..*
  *Gen mean: 0.116, ref mean: 0.110 a.u..*
  *Gen mean: 0.480, ref mean: 0.475 a.u..*
  *Gen mean: 76.536, ref mean: 52.087 ms.*
  *Gen mean: 218.541, ref mean: 238.065 ms.*
  *Gen mean: 40.880, ref mean: 38.958.*
### Observations
- Valid segments: 95 reference, 100 generated.
- Systolic peak amplitude mean: low similarity (0.142).  Gen 0.757 vs ref 1.421.
- Rise time mean: low similarity (0.001).  Gen 76.536 vs ref 52.087.
- Pulse width mean: low similarity (0.251).  Gen 218.541 vs ref 238.065.",,,,,,,,,AF_seed1_034.txt
AF,seed1,6,35,34,35,34,35,0.601,0.6651,0.0641,calibration,,True,"Shifted the main systolic peak much earlier (t1 delay 0.20->0.08 s) and narrowed it for faster rise time, widened/amplified the shoulder (a1b 0.6->0.8), and raised the high-pass cutoff to 0.6 Hz.",Replaced the later systolic-peak time and the earlier shoulder/diastolic parameter settings.,"w1 = 0.035 · t1 = b_time + 0.08 · a1b = amp * 0.8 · b_hp, a_hp = butter(2, 0.6 / nyq, btype='high')","w1 = 0.045 · t1 = b_time + 0.20 · a1b = amp * 0.6 · b_hp, a_hp = butter(2, 0.25 / nyq, btype='high')",w1=0.045->0.035; t1_delay=0.20->0.08; w1b=0.18->0.16; a1b_gain=0.6->0.8; w2=0.32->0.28; hp_cutoff=0.25->0.6,"## PPG Signal-Space Discrepancy Report
Overall score: 0.6010
| Feature                      |    Value |  Benchmark |      Gap |
  *Gen mean: 81.977, ref mean: 83.107 bpm.*
  *Gen mean: 757.288, ref mean: 741.775 ms.*
  *Gen mean: 209.870, ref mean: 216.620 ms.*
  *Gen mean: 300.867, ref mean: 308.745 ms.*
  *Gen mean: 0.738, ref mean: 1.421 a.u..*
  *Gen mean: 0.113, ref mean: 0.110 a.u..*
  *Gen mean: 0.485, ref mean: 0.475 a.u..*
  *Gen mean: 103.371, ref mean: 52.087 ms.*
  *Gen mean: 176.756, ref mean: 238.065 ms.*
  *Gen mean: 40.910, ref mean: 38.958.*
### Observations
- Valid segments: 95 reference, 100 generated.
- Systolic peak amplitude mean: low similarity (0.134).  Gen 0.738 vs ref 1.421.
- Rise time mean: low similarity (0.001).  Gen 103.371 vs ref 52.087.
- Pulse width mean: low similarity (0.016).  Gen 176.756 vs ref 238.065.",,,,,,,,,AF_seed1_035.txt
AF,seed1,7,36,35,36,35,36,0.6651,0.74847,0.08337,calibration,,True,"Widened the main systolic peak (w1 0.035->0.045, t1 delay 0.08->0.09 s) to increase rise time and round the peak, and returned the high-pass cutoff to 0.25 Hz to preserve low-frequency content so normalized peaks are not too small.",Replaced the narrower systolic peak and the 0.6 Hz high-pass setting.,"w1 = 0.045 · t1 = b_time + 0.09 · b_hp, a_hp = butter(2, 0.25 / nyq, btype='high')","w1 = 0.035 · t1 = b_time + 0.08 · b_hp, a_hp = butter(2, 0.6 / nyq, btype='high')",w1=0.035->0.045; t1_delay=0.08->0.09; a1b_gain=0.8->0.7; hp_cutoff=0.6->0.25,"## PPG Signal-Space Discrepancy Report
Overall score: 0.6651
| Feature                      |    Value |  Benchmark |      Gap |
  *Gen mean: 81.982, ref mean: 83.107 bpm.*
  *Gen mean: 757.284, ref mean: 741.775 ms.*
  *Gen mean: 209.754, ref mean: 216.620 ms.*
  *Gen mean: 300.424, ref mean: 308.745 ms.*
  *Gen mean: 0.739, ref mean: 1.421 a.u..*
  *Gen mean: 0.119, ref mean: 0.110 a.u..*
  *Gen mean: 0.497, ref mean: 0.475 a.u..*
  *Gen mean: 47.159, ref mean: 52.087 ms.*
  *Gen mean: 232.882, ref mean: 238.065 ms.*
  *Gen mean: 41.110, ref mean: 38.958.*
### Observations
- Valid segments: 95 reference, 100 generated.
- Systolic peak amplitude mean: low similarity (0.135).  Gen 0.739 vs ref 1.421.
- Rise time mean: low similarity (0.186).  Gen 47.159 vs ref 52.087.",,,,,,,,,AF_seed1_036.txt
AF,seed2,1,1,0,1,0,1,0.21591,0.399,0.18309,mechanism,,False,"Replaced the symmetric two-Gaussian pulse with asymmetric log-normal systolic (mu1=log(0.12), sigma1=0.4) and diastolic (mu2=log(0.30), sigma2=0.45) waves for a steep-rise/gradual-decay morphology, and added mean-centering before peak normalization.",Removed the RR-interval (sqrt(curr_rr))-scaled Gaussian pulse timing/widths.,dt[dt <= 0] = 1e-6 · mu1 = np.log(0.12) · sigma1 = 0.4 · sys_wave = amp * np.exp(- (np.log(dt) - mu1)**2 / (2 * sigma1**2)) · mu2 = np.log(0.30) · sigma2 = 0.45,if i < len(rr_intervals): · t1 = b_time + 0.15 * np.sqrt(curr_rr) · w1 = 0.05 * np.sqrt(curr_rr) · t2 = t1 + 0.15 * np.sqrt(curr_rr) · w2 = 0.07 * np.sqrt(curr_rr) · pulse = amp * np.exp(-0.5 * ((t_window - t1) / w1)**2) + \,tau=0.5->0.7; mean_hr=60-140->60-110; dicrotic_ratio=0.1-0.5->0.1-0.4; bw_amp=0.05-0.4->0.02-0.15; noise_amp=0.005-0.05->0.002-0.015,"## PPG Signal-Space Discrepancy Report
Overall score: 0.2159
| Feature                      |    Value |  Benchmark |      Gap |
  *Gen mean: 98.106, ref mean: 83.107 bpm.*
  *Gen mean: 639.638, ref mean: 741.775 ms.*
  *Gen mean: 200.535, ref mean: 216.620 ms.*
  *Gen mean: 275.613, ref mean: 308.745 ms.*
  *Gen mean: 0.613, ref mean: 1.421 a.u..*
  *Gen mean: 0.187, ref mean: 0.110 a.u..*
  *Gen mean: 0.769, ref mean: 0.475 a.u..*
  *Gen mean: 38.499, ref mean: 52.087 ms.*
  *Gen mean: 127.978, ref mean: 238.065 ms.*
  *Gen mean: 49.190, ref mean: 38.958.*
### Observations
- Valid segments: 95 reference, 100 generated.
- Heart rate (bpm): low similarity (0.171).  Gen 98.106 vs ref 83.107.
- Pulse interval mean: low similarity (0.218).  Gen 639.638 vs ref 741.775.
- Systolic peak amplitude mean: low similarity (0.094).  Gen 0.613 vs ref 1.421.
- Systolic peak amplitude std: low similari …",asymmetric_log_normal_pulse_waves,"Replaces symmetric Gaussian functions with asymmetric log-normal distributions to model systolic and diastolic waves, producing a more physiologically realistic pulse morphology with a steep rise and gradual decay.",sys_wave = amp * np.exp(- (np.log(dt) - mu1)**2 / (2 * sigma1**2)),1,2;4;5;24;25;26,1,2;24,"Log-normal sys/dias formulation verbatim in script 2 and reintroduced in script 24 (mu_sys/sigma_sys); np.where Gaussian scripts 4,5,25,26 do not apply it.",AF_seed2_001.txt
AF,seed2,2,2,1,2,1,2,0.399,0.54266,0.14366,calibration,,True,"Widened the log-normal shape parameters (sigma 0.4/0.45->0.55, means shifted 0.12/0.30->0.15/0.35 s) to better match reference rise time and pulse width, and cut tau 0.7->0.4 s to limit amplitude spread.",Replaced the initial narrower log-normal parameter values.,tau = 0.4 · mu1 = np.log(0.15) · sigma1 = 0.55 · mu2 = np.log(0.35) · sigma2 = 0.55,tau = 0.7 · mu1 = np.log(0.12) · sigma1 = 0.4 · mu2 = np.log(0.30) · sigma2 = 0.45,tau=0.7->0.4; mu1_shift=0.12->0.15; sigma1=0.4->0.55; mu2_shift=0.30->0.35; sigma2=0.45->0.55; irregularity_up=0.25->0.20,"## PPG Signal-Space Discrepancy Report
Overall score: 0.3990
| Feature                      |    Value |  Benchmark |      Gap |
  *Gen mean: 84.399, ref mean: 83.107 bpm.*
  *Gen mean: 731.894, ref mean: 741.775 ms.*
  *Gen mean: 237.510, ref mean: 216.620 ms.*
  *Gen mean: 338.058, ref mean: 308.745 ms.*
  *Gen mean: 0.632, ref mean: 1.421 a.u..*
  *Gen mean: 0.156, ref mean: 0.110 a.u..*
  *Gen mean: 0.665, ref mean: 0.475 a.u..*
  *Gen mean: 27.121, ref mean: 52.087 ms.*
  *Gen mean: 148.073, ref mean: 238.065 ms.*
  *Gen mean: 42.200, ref mean: 38.958.*
### Observations
- Valid segments: 95 reference, 100 generated.
- Systolic peak amplitude mean: low similarity (0.099).  Gen 0.632 vs ref 1.421.
- Systolic peak amplitude std: low similarity (0.241).  Gen 0.156 vs ref 0.110.
- Pulse amplitude range: low similarity (0.239).  Gen 0.665 vs ref 0.475.
- Rise time mean: low similarity (0. …",adjust_log_normal_waveform_parameters,Adjusted the log-normal distribution parameters for the systolic and diastolic waves to widen the pulse and better match reference rise time and pulse width.,mu1 = np.log(0.15); sigma1 = 0.55,1,4;5;24;25;26,,,No code hits; later scripts replaced/superseded these log-normal parameter values with other shape families.,AF_seed2_002.txt
AF,seed2,3,4,2,4,2,4,0.54266,0.58335,0.04069,mechanism,,False,Replaced the log-normal waves with asymmetric Gaussian pulses built from left/right sigma via np.where for independent control of rise time (systolic sigma 0.035/0.07 at t_sys=0.12) and decay (diastolic sigma 0.08/0.12 at t_sys+0.16).,Removed the log-normal sys/dias wave code and the dt log(0) clamp.,"t_sys = 0.12 · sigma_sys_left = 0.035 · sigma_sys_right = 0.07 · sys_wave = np.where(dt < t_sys, · amp * np.exp(- (dt - t_sys)**2 / (2 * sigma_sys_left**2)), · amp * np.exp(- (dt - t_sys)**2 / (2 * sigma_sys_right**2)))",mu1 = np.log(0.15) · sigma1 = 0.55 · sys_wave = amp * np.exp(- (np.log(dt) - mu1)**2 / (2 * sigma1**2)) · mu2 = np.log(0.35) · sigma2 = 0.55 · dias_wave = a2 * np.exp(- (np.log(dt) - mu2)**2 / (2 * sigma2**2)),mean_hr=60-110->60-105; irregularity_up=0.20->0.16; dicrotic_ratio=0.1-0.4->0.15-0.45,"## PPG Signal-Space Discrepancy Report
Overall score: 0.5427
| Feature                      |    Value |  Benchmark |      Gap |
  *Gen mean: 86.334, ref mean: 83.107 bpm.*
  *Gen mean: 714.095, ref mean: 741.775 ms.*
  *Gen mean: 224.530, ref mean: 216.620 ms.*
  *Gen mean: 326.402, ref mean: 308.745 ms.*
  *Gen mean: 0.739, ref mean: 1.421 a.u..*
  *Gen mean: 0.121, ref mean: 0.110 a.u..*
  *Gen mean: 0.512, ref mean: 0.475 a.u..*
  *Gen mean: 40.219, ref mean: 52.087 ms.*
  *Gen mean: 246.236, ref mean: 238.065 ms.*
  *Gen mean: 43.210, ref mean: 38.958.*
### Observations
- Valid segments: 95 reference, 100 generated.
- Systolic peak amplitude mean: low similarity (0.135).  Gen 0.739 vs ref 1.421.
- Rise time mean: low similarity (0.018).  Gen 40.219 vs ref 52.087.",use_asymmetric_gaussian_pulses,"Replaces log-normal distributions with asymmetric Gaussian functions to model systolic and diastolic waves, allowing independent control over rise time and decay.","np.where(dt < t_sys, amp * np.exp(- (dt - t_sys)**2 / (2 * sigma_sys_left**2)), amp * np.exp(- (dt - t_sys)**2 / (2 * sigma_sys_right**2)))",1,5;24;25;26,1,5;25;26,"np.where asymmetric-Gaussian sys/dias construction verbatim in scripts 5,25,26 (script 24 reverted to log-normal).",AF_seed2_004.txt
AF,seed2,4,5,4,5,4,5,0.58335,0.70961,0.12626,calibration,,True,Widened all asymmetric-Gaussian parameters (systolic sigma 0.035/0.07->0.06/0.13 at t_sys=0.16; diastolic sigma 0.08/0.12->0.15/0.25 at t_sys+0.22) to lengthen rise time and overall pulse width.,Replaced the previous narrower asymmetric-Gaussian values.,t_sys = 0.16 · sigma_sys_left = 0.06 · sigma_sys_right = 0.13 · t_dias = t_sys + 0.22 · sigma_dias_left = 0.15 · sigma_dias_right = 0.25,t_sys = 0.12 · sigma_sys_left = 0.035 · sigma_sys_right = 0.07 · t_dias = t_sys + 0.16 · sigma_dias_left = 0.08 · sigma_dias_right = 0.12,t_sys=0.12->0.16; sigma_sys_left=0.035->0.06; sigma_sys_right=0.07->0.13; t_dias_offset=0.16->0.22; sigma_dias_left=0.08->0.15; sigma_dias_right=0.12->0.25,"## PPG Signal-Space Discrepancy Report
Overall score: 0.5833
| Feature                      |    Value |  Benchmark |      Gap |
  *Gen mean: 82.724, ref mean: 83.107 bpm.*
  *Gen mean: 743.794, ref mean: 741.775 ms.*
  *Gen mean: 213.509, ref mean: 216.620 ms.*
  *Gen mean: 303.903, ref mean: 308.745 ms.*
  *Gen mean: 0.736, ref mean: 1.421 a.u..*
  *Gen mean: 0.126, ref mean: 0.110 a.u..*
  *Gen mean: 0.514, ref mean: 0.475 a.u..*
  *Gen mean: 31.705, ref mean: 52.087 ms.*
  *Gen mean: 155.806, ref mean: 238.065 ms.*
  *Gen mean: 41.350, ref mean: 38.958.*
### Observations
- Valid segments: 95 reference, 100 generated.
- Systolic peak amplitude mean: low similarity (0.134).  Gen 0.736 vs ref 1.421.
- Rise time mean: low similarity (0.001).  Gen 31.705 vs ref 52.087.
- Pulse width mean: low similarity (0.003).  Gen 155.806 vs ref 238.065.",widen_pulse_waveform_components,"Increases the standard deviations and peak times of the asymmetric Gaussian functions modeling the systolic and diastolic waves to produce a wider, more physiologically realistic pulse waveform.",sigma_sys_left = 0.06,1,24;25;26,1,26,"Script 26 sets sigma_sys_left=0.06 verbatim (the widening); script 25's token hit 0.045 is narrower, not a widening, so no reuse.",AF_seed2_005.txt
AF,seed2,5,24,5,24,5,24,0.70961,0.63801,-0.0716,mechanism,,False,"Swapped the asymmetric Gaussian pulses back to log-normal pulses (mu_sys=log(0.12), sigma_sys=0.5; mu_dias=log(0.28), sigma_dias=0.6) for a long continuous diastolic decay, extending the per-beat window to 2.0 s to fit the tail.",Removed the np.where asymmetric-Gaussian construction and its sigma pairings.,"window_end = int((b_time + 2.0) * fs) · dt_safe = np.clip(dt, 1e-6, None) · mu_sys = np.log(0.12) · sigma_sys = 0.5 · sys_wave = amp * np.exp(- (np.log(dt_safe) - mu_sys)**2 / (2 * sigma_sys**2)) · mu_dias = np.log(0.28)","sys_wave = np.where(dt < t_sys, · amp * np.exp(- (dt - t_sys)**2 / (2 * sigma_sys_left**2)), · amp * np.exp(- (dt - t_sys)**2 / (2 * sigma_sys_right**2))) · t_dias = t_sys + 0.22 · sigma_dias_left = 0.15 · sigma_dias_right = 0.25",,"## PPG Signal-Space Discrepancy Report
Overall score: 0.7096
| Feature                      |    Value |  Benchmark |      Gap |
  *Gen mean: 82.591, ref mean: 83.107 bpm.*
  *Gen mean: 744.500, ref mean: 741.775 ms.*
  *Gen mean: 213.495, ref mean: 216.620 ms.*
  *Gen mean: 304.625, ref mean: 308.745 ms.*
  *Gen mean: 0.744, ref mean: 1.421 a.u..*
  *Gen mean: 0.117, ref mean: 0.110 a.u..*
  *Gen mean: 0.478, ref mean: 0.475 a.u..*
  *Gen mean: 53.888, ref mean: 52.087 ms.*
  *Gen mean: 255.857, ref mean: 238.065 ms.*
  *Gen mean: 41.220, ref mean: 38.958.*
### Observations
- Valid segments: 95 reference, 100 generated.
- Systolic peak amplitude mean: low similarity (0.137).  Gen 0.744 vs ref 1.421.
- Pulse width mean: low similarity (0.277).  Gen 255.857 vs ref 238.065.",,,,,,,,,AF_seed2_024.txt
AF,seed2,6,25,24,25,24,25,0.63801,0.64474,0.00673,mechanism,,False,Swapped the log-normal waves back to asymmetric Gaussian pulses (t_sys=0.14 with sigma 0.045/0.10; t_dias=0.34 with sigma 0.10/0.25) to independently control rise/decay and prevent flat valleys between beats.,Removed the log-normal sys/dias code and the dt_safe clipping.,"t_sys = 0.14 · sigma_sys_left = 0.045 · sigma_sys_right = 0.10 · sys_wave = np.where(dt < t_sys, · t_dias = 0.34 · sigma_dias_left = 0.10","dt_safe = np.clip(dt, 1e-6, None) · mu_sys = np.log(0.12) · sigma_sys = 0.5 · sys_wave = amp * np.exp(- (np.log(dt_safe) - mu_sys)**2 / (2 * sigma_sys**2)) · mu_dias = np.log(0.28) · sigma_dias = 0.6",,"## PPG Signal-Space Discrepancy Report
Overall score: 0.6380
| Feature                      |    Value |  Benchmark |      Gap |
  *Gen mean: 82.751, ref mean: 83.107 bpm.*
  *Gen mean: 743.582, ref mean: 741.775 ms.*
  *Gen mean: 213.769, ref mean: 216.620 ms.*
  *Gen mean: 304.741, ref mean: 308.745 ms.*
  *Gen mean: 0.771, ref mean: 1.421 a.u..*
  *Gen mean: 0.110, ref mean: 0.110 a.u..*
  *Gen mean: 0.454, ref mean: 0.475 a.u..*
  *Gen mean: 31.506, ref mean: 52.087 ms.*
  *Gen mean: 190.365, ref mean: 238.065 ms.*
  *Gen mean: 41.380, ref mean: 38.958.*
### Observations
- Valid segments: 95 reference, 100 generated.
- Systolic peak amplitude mean: low similarity (0.148).  Gen 0.771 vs ref 1.421.
- Rise time mean: low similarity (0.001).  Gen 31.506 vs ref 52.087.
- Pulse width mean: low similarity (0.032).  Gen 190.365 vs ref 238.065.",,,,,,,,,AF_seed2_025.txt
AF,seed2,7,26,25,26,25,26,0.64474,0.73767,0.09293,calibration,,True,Widened and delayed both asymmetric-Gaussian components (systolic sigma 0.045/0.10->0.06/0.13 at t_sys=0.16; diastolic sigma 0.10/0.25->0.12/0.30 at t_dias=0.38) to further increase rise time and pulse width.,Replaced the previous narrower asymmetric-Gaussian values.,t_sys = 0.16 · sigma_sys_left = 0.06 · sigma_sys_right = 0.13 · t_dias = 0.38 · sigma_dias_left = 0.12 · sigma_dias_right = 0.30,t_sys = 0.14 · sigma_sys_left = 0.045 · sigma_sys_right = 0.10 · t_dias = 0.34 · sigma_dias_left = 0.10 · sigma_dias_right = 0.25,t_sys=0.14->0.16; sigma_sys_left=0.045->0.06; sigma_sys_right=0.10->0.13; t_dias=0.34->0.38; sigma_dias_left=0.10->0.12; sigma_dias_right=0.25->0.30,"## PPG Signal-Space Discrepancy Report
Overall score: 0.6447
| Feature                      |    Value |  Benchmark |      Gap |
  *Gen mean: 82.772, ref mean: 83.107 bpm.*
  *Gen mean: 743.441, ref mean: 741.775 ms.*
  *Gen mean: 213.784, ref mean: 216.620 ms.*
  *Gen mean: 304.424, ref mean: 308.745 ms.*
  *Gen mean: 0.758, ref mean: 1.421 a.u..*
  *Gen mean: 0.113, ref mean: 0.110 a.u..*
  *Gen mean: 0.465, ref mean: 0.475 a.u..*
  *Gen mean: 39.698, ref mean: 52.087 ms.*
  *Gen mean: 204.404, ref mean: 238.065 ms.*
  *Gen mean: 41.350, ref mean: 38.958.*
### Observations
- Valid segments: 95 reference, 100 generated.
- Systolic peak amplitude mean: low similarity (0.143).  Gen 0.758 vs ref 1.421.
- Rise time mean: low similarity (0.015).  Gen 39.698 vs ref 52.087.
- Pulse width mean: low similarity (0.089).  Gen 204.404 vs ref 238.065.",increase_pulse_waveform_width,Increases the standard deviations and delays the peak times of the systolic and diastolic asymmetric Gaussian waves to produce a wider overall pulse waveform.,sigma_sys_left = 0.06,,,,,Born at the final best node 26; no later lineage nodes exist.,AF_seed2_026.txt
AF,seed3,1,1,0,1,0,1,0.21591,0.47275,0.25684,mechanism,,False,"Decoupled pulse morphology from the RR interval: fixed, amplitude-dependent widths (w1=0.06+0.02*(1-amp), w2=0.20) and fixed timings (t1=b_time+0.12, t2=t1+0.18), with the HR range narrowed toward the reference and artifact amplitudes reduced.",Removed the curr_rr sqrt(curr_rr)-scaled pulse timing/width logic.,w1 = 0.06 + 0.02 * (1.0 - amp) · t1 = b_time + 0.12 · w2 = 0.20 · t2 = t1 + 0.18 · a2 = amp * dicrotic_ratio · t_ref = 0.30,if i < len(rr_intervals): · curr_rr = rr_intervals[i] · t1 = b_time + 0.15 * np.sqrt(curr_rr) · w1 = 0.05 * np.sqrt(curr_rr) · t2 = t1 + 0.15 * np.sqrt(curr_rr) · w2 = 0.07 * np.sqrt(curr_rr),t_ref=0.25->0.30; tau=0.5->0.6; mean_hr=60-140->60-110; dicrotic_ratio=0.1-0.5->0.4-0.8; bw_amp=0.05-0.4->0.01-0.1; noise_amp=0.005-0.05->0.001-0.01,"## PPG Signal-Space Discrepancy Report
Overall score: 0.2159
| Feature                      |    Value |  Benchmark |      Gap |
  *Gen mean: 98.106, ref mean: 83.107 bpm.*
  *Gen mean: 639.638, ref mean: 741.775 ms.*
  *Gen mean: 200.535, ref mean: 216.620 ms.*
  *Gen mean: 275.613, ref mean: 308.745 ms.*
  *Gen mean: 0.613, ref mean: 1.421 a.u..*
  *Gen mean: 0.187, ref mean: 0.110 a.u..*
  *Gen mean: 0.769, ref mean: 0.475 a.u..*
  *Gen mean: 38.499, ref mean: 52.087 ms.*
  *Gen mean: 127.978, ref mean: 238.065 ms.*
  *Gen mean: 49.190, ref mean: 38.958.*
### Observations
- Valid segments: 95 reference, 100 generated.
- Heart rate (bpm): low similarity (0.171).  Gen 98.106 vs ref 83.107.
- Pulse interval mean: low similarity (0.218).  Gen 639.638 vs ref 741.775.
- Systolic peak amplitude mean: low similarity (0.094).  Gen 0.613 vs ref 1.421.
- Systolic peak amplitude std: low similari …",decouple_pulse_morphology_from_rr,Replaces RR-interval-dependent pulse timing and width scaling with fixed timings and amplitude-dependent widths to improve physiological realism of the waveform morphology.,w1 = 0.06 + 0.02 * (1.0 - amp); t1 = b_time + 0.12,1,2;4;6;8;22;23,1,2;4;6;8;22;23,All later lineage scripts keep fixed amplitude-dependent pulse widths/timings with no sqrt(curr_rr) scaling; the b_time token hits under-report the persistent decoupling.,AF_seed3_001.txt
AF,seed3,2,2,1,2,1,2,0.47275,0.56332,0.09057,mechanism,calibration,False,"Replaced the anti-aliasing low-pass with a 0.1-60 Hz bandpass (butter order 3) to remove DC offset and prevent aliasing, and narrowed the systolic peak (w1=0.02+0.01*(1-amp), t1=b_time+0.08) for a faster rise.",Removed the pure low-pass anti-aliasing filter setup.,"lowcut = 0.1 · highcut = 60.0 · b, a = butter(3, [lowcut / nyq, highcut / nyq], btype='band') · w1 = 0.02 + 0.01 * (1.0 - amp) · t1 = b_time + 0.08 · w2 = 0.18","b, a = butter(4, nyq / (0.5 * fs_synth), btype='low') · w1 = 0.06 + 0.02 * (1.0 - amp) · t1 = b_time + 0.12 · w2 = 0.20 · t2 = t1 + 0.18",w1=0.06+0.02(1-amp)->0.02+0.01(1-amp); t1_delay=0.12->0.08; w2=0.20->0.18; t2_delay=0.18->0.12; irregularity_up=0.25->0.18; dicrotic_ratio_up=0.8->0.7,"## PPG Signal-Space Discrepancy Report
Overall score: 0.4728
| Feature                      |    Value |  Benchmark |      Gap |
  *Gen mean: 84.467, ref mean: 83.107 bpm.*
  *Gen mean: 732.794, ref mean: 741.775 ms.*
  *Gen mean: 236.513, ref mean: 216.620 ms.*
  *Gen mean: 341.498, ref mean: 308.745 ms.*
  *Gen mean: 0.790, ref mean: 1.421 a.u..*
  *Gen mean: 0.087, ref mean: 0.110 a.u..*
  *Gen mean: 0.360, ref mean: 0.475 a.u..*
  *Gen mean: 66.173, ref mean: 52.087 ms.*
  *Gen mean: 217.393, ref mean: 238.065 ms.*
  *Gen mean: 42.170, ref mean: 38.958.*
### Observations
- Valid segments: 95 reference, 100 generated.
- Systolic peak amplitude mean: low similarity (0.156).  Gen 0.790 vs ref 1.421.
- Rise time mean: low similarity (0.009).  Gen 66.173 vs ref 52.087.
- Pulse width mean: low similarity (0.247).  Gen 217.393 vs ref 238.065.",replace_lowpass_with_bandpass_filter,Replaces a low-pass anti-aliasing filter with a bandpass filter to simultaneously remove DC offset and prevent aliasing.,"b, a = butter(3, [lowcut / nyq, highcut / nyq], btype='band')",1,4;6;8;22;23,1,4;6;8;22,"Bandpass butter(3,[lowcut,highcut]/nyq,'band') is verbatim in scripts 4,6,8,22; script 23 replaced it with separate HP/LP stages.",AF_seed3_002.txt
AF,seed3,3,4,2,4,2,4,0.56332,0.5925,0.02918,mechanism,calibration,False,"Widened the systolic peak (w1=0.035+0.01*(1-amp), t1=b_time+0.10) and started each synthesis window 0.1 s before the beat (window_start = max(0, int((b_time-0.1)*fs))) to capture the full systolic foot; raised dicrotic ratio to 0.5-0.8.",Replaced the previous narrow systolic-peak parameters and the beat-aligned window start.,"tau = 0.4 · w1 = 0.035 + 0.01 * (1.0 - amp) · t1 = b_time + 0.10 · t2 = t1 + 0.15 · window_start = max(0, int((b_time - 0.1) * fs)) · dicrotic_ratio = rng.uniform(0.5, 0.8)",tau = 0.6 · w1 = 0.02 + 0.01 * (1.0 - amp) · t1 = b_time + 0.08 · t2 = t1 + 0.12 · window_start = int(b_time * fs),tau=0.6->0.4; w1=0.02+0.01(1-amp)->0.035+0.01(1-amp); t1_delay=0.08->0.10; t2_delay=0.12->0.15; dicrotic_ratio=0.4-0.7->0.5-0.8,"## PPG Signal-Space Discrepancy Report
Overall score: 0.5633
| Feature                      |    Value |  Benchmark |      Gap |
  *Gen mean: 84.715, ref mean: 83.107 bpm.*
  *Gen mean: 732.202, ref mean: 741.775 ms.*
  *Gen mean: 213.846, ref mean: 216.620 ms.*
  *Gen mean: 307.809, ref mean: 308.745 ms.*
  *Gen mean: 0.696, ref mean: 1.421 a.u..*
  *Gen mean: 0.125, ref mean: 0.110 a.u..*
  *Gen mean: 0.522, ref mean: 0.475 a.u..*
  *Gen mean: 44.238, ref mean: 52.087 ms.*
  *Gen mean: 75.030, ref mean: 238.065 ms.*
  *Gen mean: 42.460, ref mean: 38.958.*
### Observations
- Valid segments: 95 reference, 100 generated.
- Systolic peak amplitude mean: low similarity (0.119).  Gen 0.696 vs ref 1.421.
- Rise time mean: low similarity (0.151).  Gen 44.238 vs ref 52.087.
- Pulse width mean: low similarity (0.000).  Gen 75.030 vs ref 238.065.",adjust_pulse_morphology_parameters,"Adjusts systolic width, peak timings, and dicrotic ratio to ensure a continuous, physiological pulse width and morphology.",w1 = 0.035 + 0.01 * (1.0 - amp),1,6;8;22;23,,,No code hits; later lineage retunings supersede these specific parameter adjustments.,AF_seed3_004.txt
AF,seed3,4,6,4,6,4,6,0.5925,0.61916,0.02666,calibration,,True,"Widened the two Gaussian components further (w1=0.06+0.02*(1-amp), w2=0.20, t2=t1+0.18), moved the pre-beat window start to 0.15 s, and lowered the dicrotic ratio to 0.3-0.6.",Replaced the previous narrower pulse parameters.,"w1 = 0.06 + 0.02 * (1.0 - amp) · t1 = b_time + 0.12 · w2 = 0.20 · t2 = t1 + 0.18 · window_start = max(0, int((b_time - 0.15) * fs)) · dicrotic_ratio = rng.uniform(0.3, 0.6)","w1 = 0.035 + 0.01 * (1.0 - amp) · t1 = b_time + 0.10 · w2 = 0.18 · t2 = t1 + 0.15 · dicrotic_ratio = rng.uniform(0.5, 0.8)",w1=0.035+0.01(1-amp)->0.06+0.02(1-amp); t1_delay=0.10->0.12; w2=0.18->0.20; t2_delay=0.15->0.18; pre_window=0.10->0.15; dicrotic_ratio=0.5-0.8->0.3-0.6,"## PPG Signal-Space Discrepancy Report
Overall score: 0.5925
| Feature                      |    Value |  Benchmark |      Gap |
  *Gen mean: 84.681, ref mean: 83.107 bpm.*
  *Gen mean: 732.430, ref mean: 741.775 ms.*
  *Gen mean: 213.919, ref mean: 216.620 ms.*
  *Gen mean: 308.033, ref mean: 308.745 ms.*
  *Gen mean: 0.747, ref mean: 1.421 a.u..*
  *Gen mean: 0.106, ref mean: 0.110 a.u..*
  *Gen mean: 0.444, ref mean: 0.475 a.u..*
  *Gen mean: 43.686, ref mean: 52.087 ms.*
  *Gen mean: 117.932, ref mean: 238.065 ms.*
  *Gen mean: 42.460, ref mean: 38.958.*
### Observations
- Valid segments: 95 reference, 100 generated.
- Systolic peak amplitude mean: low similarity (0.138).  Gen 0.747 vs ref 1.421.
- Rise time mean: low similarity (0.071).  Gen 43.686 vs ref 52.087.
- Pulse width mean: low similarity (0.000).  Gen 117.932 vs ref 238.065.",,,,,,,,,AF_seed3_006.txt
AF,seed3,5,8,6,8,6,8,0.61916,0.67576,0.0566,mechanism,,False,"Added a third reflected-wave Gaussian component (w2=0.07 at t1+0.12 s, a2=0.6*amp) between a narrowed systolic peak (w1=0.030+0.015*(1-amp)) and the diastolic wave (w3=0.15 at t1+0.22 s) to create a shoulder/dicrotic notch.",Removed the 2-component pulse in which the diastolic Gaussian carried the full dicrotic amplitude.,w1 = 0.030 + 0.015 * (1.0 - amp) · t1 = b_time + 0.08 · w2 = 0.07 · t2 = t1 + 0.12 · a2 = amp * 0.6 · w3 = 0.15,w1 = 0.06 + 0.02 * (1.0 - amp) · t1 = b_time + 0.12 · w2 = 0.20 · t2 = t1 + 0.18 · a2 = amp * dicrotic_ratio · a2 * np.exp(-0.5 * ((t_window - t2) / w2)**2),,"## PPG Signal-Space Discrepancy Report
Overall score: 0.6192
| Feature                      |    Value |  Benchmark |      Gap |
  *Gen mean: 84.684, ref mean: 83.107 bpm.*
  *Gen mean: 732.436, ref mean: 741.775 ms.*
  *Gen mean: 214.060, ref mean: 216.620 ms.*
  *Gen mean: 308.438, ref mean: 308.745 ms.*
  *Gen mean: 0.731, ref mean: 1.421 a.u..*
  *Gen mean: 0.112, ref mean: 0.110 a.u..*
  *Gen mean: 0.480, ref mean: 0.475 a.u..*
  *Gen mean: 60.252, ref mean: 52.087 ms.*
  *Gen mean: 171.906, ref mean: 238.065 ms.*
  *Gen mean: 42.410, ref mean: 38.958.*
### Observations
- Valid segments: 95 reference, 100 generated.
- Systolic peak amplitude mean: low similarity (0.132).  Gen 0.731 vs ref 1.421.
- Rise time mean: low similarity (0.066).  Gen 60.252 vs ref 52.087.
- Pulse width mean: low similarity (0.007).  Gen 171.906 vs ref 238.065.",three_component_pulse_morphology,Transitions from a two-component to a three-component Gaussian model for pulse morphology by adding a reflected wave component to better simulate physiological features like the dicrotic notch.,pulse = amp * np.exp(-0.5 * ((t_window - t1) / w1)**2) + a2 * np.exp(-0.5 * ((t_window - t2) / w2)**2) + a3 * np.exp(-0.5 * ((t_window - t3) / w3)**2),1,22;23,1,22;23,Scripts 22 and 23 retain the three-Gaussian (systolic + reflected + diastolic) pulse construction; token evidence under-reports it.,AF_seed3_008.txt
AF,seed3,6,22,8,22,8,22,0.67576,0.68686,0.0111,calibration,,True,"Widened all three Gaussian components (systolic w1 to 0.050+0.020*(1-amp), reflected w2 to 0.09, diastolic w3 to 0.18 at t1+0.26 s) to match reference rise time and pulse width.",Replaced the previous tighter 3-component values.,w1 = 0.050 + 0.020 * (1.0 - amp) · t1 = b_time + 0.12 · w2 = 0.09 · a2 = amp * 0.45 · w3 = 0.18 · t3 = t1 + 0.26,w1 = 0.030 + 0.015 * (1.0 - amp) · t1 = b_time + 0.08 · w2 = 0.07 · a2 = amp * 0.6 · w3 = 0.15 · t3 = t1 + 0.22,w1=0.030+0.015(1-amp)->0.050+0.020(1-amp); t1_delay=0.08->0.12; w2=0.07->0.09; a2_gain=0.6->0.45; w3=0.15->0.18; t3_delay=0.22->0.26,"## PPG Signal-Space Discrepancy Report
Overall score: 0.6758
| Feature                      |    Value |  Benchmark |      Gap |
  *Gen mean: 84.688, ref mean: 83.107 bpm.*
  *Gen mean: 732.411, ref mean: 741.775 ms.*
  *Gen mean: 213.588, ref mean: 216.620 ms.*
  *Gen mean: 307.408, ref mean: 308.745 ms.*
  *Gen mean: 0.723, ref mean: 1.421 a.u..*
  *Gen mean: 0.116, ref mean: 0.110 a.u..*
  *Gen mean: 0.504, ref mean: 0.475 a.u..*
  *Gen mean: 31.533, ref mean: 52.087 ms.*
  *Gen mean: 237.559, ref mean: 238.065 ms.*
  *Gen mean: 42.470, ref mean: 38.958.*
### Observations
- Valid segments: 95 reference, 100 generated.
- Systolic peak amplitude mean: low similarity (0.129).  Gen 0.723 vs ref 1.421.
- Rise time mean: low similarity (0.001).  Gen 31.533 vs ref 52.087.",,,,,,,,,AF_seed3_022.txt
AF,seed3,7,23,22,23,22,23,0.68686,0.73754,0.05068,mechanism,,False,"Split the bandpass into a high-pass (0.3 Hz) applied before baseline wander to remove artificial DC stacking plus a low-pass (60 Hz) applied after, subtracting the mean first; also widened the pulse components and cut baseline-wander amplitude.",Removed the combined 0.1-60 Hz bandpass filter stage.,"b_hp, a_hp = butter(3, 0.3 / nyq, btype='high') · b_lp, a_lp = butter(3, 60.0 / nyq, btype='low') · signal = signal - np.mean(signal) · signal = filtfilt(b_hp, a_hp, signal) · signal_filt = filtfilt(b_lp, a_lp, signal) · bw_amp = rng.uniform(0.005, 0.025)","lowcut = 0.1 · highcut = 60.0 · b, a = butter(3, [lowcut / nyq, highcut / nyq], btype='band') · signal_filt = filtfilt(b, a, signal) · w1 = 0.050 + 0.020 * (1.0 - amp) · w2 = 0.09",mean_hr_up=110->105; bw_amp=0.01-0.1->0.005-0.025; w1_base=0.050->0.055; w2=0.09->0.10; w3=0.18->0.20; t3_delay=0.26->0.28,"## PPG Signal-Space Discrepancy Report
Overall score: 0.6869
| Feature                      |    Value |  Benchmark |      Gap |
  *Gen mean: 84.639, ref mean: 83.107 bpm.*
  *Gen mean: 732.766, ref mean: 741.775 ms.*
  *Gen mean: 213.623, ref mean: 216.620 ms.*
  *Gen mean: 307.841, ref mean: 308.745 ms.*
  *Gen mean: 0.717, ref mean: 1.421 a.u..*
  *Gen mean: 0.110, ref mean: 0.110 a.u..*
  *Gen mean: 0.480, ref mean: 0.475 a.u..*
  *Gen mean: 49.403, ref mean: 52.087 ms.*
  *Gen mean: 219.617, ref mean: 238.065 ms.*
  *Gen mean: 42.350, ref mean: 38.958.*
### Observations
- Valid segments: 95 reference, 100 generated.
- Systolic peak amplitude mean: low similarity (0.127).  Gen 0.717 vs ref 1.421.",reorder_highpass_baseline_wander,"Applies highpass filtering to remove artificial DC shifts before adding physiological baseline wander, preventing the filter from attenuating the intentionally added wander.","signal = filtfilt(b_hp, a_hp, signal) signal = add_noise_and_baseline(...)",,,,,Born at the final best node 23; no later lineage nodes exist.,AF_seed3_023.txt
LQT,seed1,1,1,0,1,0,1,0.28582,0.34157,0.05575,recording process,,False,"Structural behavioral change; representative addition: OUTPUT_DIR = ""artifacts/lngqt_ecg/visual_representation_100iter/generated/""",,"#   - LQT1: Broad-based, prolonged T wave occupying the entire ST segment. · OUTPUT_DIR = ""artifacts/lngqt_ecg/visual_representation_100iter/generated/"" ·     scale_I = scale_II * np.random.uniform(0.6, 0.8) # Lead I is typically 20-40% lower ·      ·     # Subject-specific QRS morphology to increase inter-sample diversity ·     p_amp = np.random.uniform(0.08, 0.15)","#   - LQT1: Broad-based, prolonged T wave. · OUTPUT_DIR = ""artifacts/lngqt_ecg/initialization/generated/"" ·     scale_I = np.random.uniform(0.7, 1.1) ·         lead_I += gaussian_wave(t, beat_t - 0.16, 0.02, 0.10 * scale_I) ·         lead_II += gaussian_wave(t, beat_t - 0.16, 0.02, 0.15 * scale_II) ·         lead_I += gaussian_wave(t, beat_t - 0.02, 0.01, -0.10 * scale_I)",4 mechanically matched numeric changes,"## ECG Representation-Space Discrepancy Report (ECGFounder)
| Feature                      |    Value |  Benchmark |      Gap |
  *ED_unbiased = 0.374805 (eff = 0.374805).  Scale = 0.1500.  Score = 1/(1+ED_eff/scale).  Lower ED = more similar.*
  *Generated embeddings are +0.078 from the reference centroid.*
  *Gen spread is 0.74× reference spread.*
  *Reference pairwise similarity = 0.6720.  Near 1.0 indicates mode collapse.*
### Observations
- Large distribution discrepancy (score = 0.286).",add_t_wave_alternans,"Introduces beat-to-beat amplitude alternation in the T-wave to simulate T-wave alternans, a physiological marker of severe repolarization instability.",twa_mod = twa_severity * (-1)**i,,,,,,LQT_seed1_001.txt
LQT,seed1,2,5,1,5,1,5,0.34157,0.39862,0.05705,heterogeneity,,False,Structural behavioral change; representative addition: deg2rad = np.pi / 180.0,,"# demonstrating Long QT Syndrome.  · # Refinement: Implemented a 2D frontal plane vector projection model.  · # Instead of applying arbitrary scalar multipliers to Lead I and Lead II,  · # the P, Q, R, S, and T waves are now modeled as electrical vectors with  · # specific physiological axes (angles) and magnitudes. These vectors are  · # then projected onto the standard Lead I (0 degrees) and Lead II (60 degrees) ","# demonstrating Long QT Syndrome. It models three primary physiological  · # variants of LQTS: · #   - LQT1: Broad-based, prolonged T wave occupying the entire ST segment. · #   - LQT2: Low amplitude, notched (bifid) T wave. · #   - LQT3: Late-onset T wave with a long isoelectric ST segment. · # The QT interval is dynamically calculated using Bazett's formula (QTc),",6 mechanically matched numeric changes,"## ECG Representation-Space Discrepancy Report (ECGFounder)
| Feature                      |    Value |  Benchmark |      Gap |
  *ED_unbiased = 0.289153 (eff = 0.289153).  Scale = 0.1500.  Score = 1/(1+ED_eff/scale).  Lower ED = more similar.*
  *Generated embeddings are +0.082 from the reference centroid.*
  *Gen spread is 0.94× reference spread.*
  *Reference pairwise similarity = 0.6720.  Near 1.0 indicates mode collapse.*
### Observations
- Moderate distribution discrepancy (score = 0.342).",vector_projection_multilead_modeling,Replaces arbitrary scalar amplitude multipliers with a 2D frontal plane vector projection model that calculates lead-specific amplitudes using physiological electrical axes and trigonometric projections.,m_P * np.cos(theta_P - angle_I),,,,,,LQT_seed1_005.txt
LQT,seed1,3,7,5,7,5,7,0.39862,0.4479,0.04928,temporal,,False,"Structural behavioral change; representative addition: theta_Q = np.random.uniform(180, 250) * deg2rad # Q wave points away from main vector (negative in I and II)",,"# Refinement: Implemented a proportional, dynamically scaling T-wave morphology  · # model. Previous versions used fixed Gaussian widths and placements that  · # caused rigid morphologies and unrealistic QRS-to-T amplitude ratios.  · # This refinement introduces subject-specific structural randomization for  · # QRS/P-wave timing and dynamically scales the T-wave components (LQT1, LQT2, LQT3)  · # to perfectly fit the beat-to-beat QT interval dictated by Bazett's formula. ","# Refinement: Implemented a 2D frontal plane vector projection model.  · # Instead of applying arbitrary scalar multipliers to Lead I and Lead II,  · # the P, Q, R, S, and T waves are now modeled as electrical vectors with  · # specific physiological axes (angles) and magnitudes. These vectors are  · # then projected onto the standard Lead I (0 degrees) and Lead II (60 degrees)  · # axes. This significantly improves the physiological realism of the multi-lead ",12 mechanically matched numeric changes,"## ECG Representation-Space Discrepancy Report (ECGFounder)
| Feature                      |    Value |  Benchmark |      Gap |
  *ED_unbiased = 0.226299 (eff = 0.226299).  Scale = 0.1500.  Score = 1/(1+ED_eff/scale).  Lower ED = more similar.*
  *Generated embeddings are +0.056 from the reference centroid.*
  *Gen spread is 1.00× reference spread.*
  *Reference pairwise similarity = 0.6720.  Near 1.0 indicates mode collapse.*
### Observations
- Moderate distribution discrepancy (score = 0.399).",proportional_t_wave_scaling,Scales T-wave component positions and widths proportionally to the available time within the QT interval rather than using fixed widths and offsets.,t_avail = t_end - st_start; center_t1 = st_start + t_avail * pos1; sigma_t = t_avail * sigma_t_frac,,,,,,LQT_seed1_007.txt
LQT,seed1,4,8,7,8,7,8,0.4479,0.45354,0.00564,recording process,,False,"Structural behavioral change; representative addition: theta_T = theta_R + np.random.uniform(-20, 20) * deg2rad",,"# Refinement: Corrected the QRS-to-T amplitude ratio and electrical axis  · # variance to match physiological blueprints. Previous versions constrained  · # R-wave amplitudes to a sub-physiological range (0.6-1.2 mV) while generating  · # large T-waves, leading to unrealistic morphologies and high inter-sample  · # similarity. This update scales R-waves to 1.0-2.5 mV, expands the frontal  · # plane axis variance, and fixes a bug in the LQT2 morphology where the second ","# Refinement: Implemented a proportional, dynamically scaling T-wave morphology  · # model. Previous versions used fixed Gaussian widths and placements that  · # caused rigid morphologies and unrealistic QRS-to-T amplitude ratios.  · # This refinement introduces subject-specific structural randomization for  · # QRS/P-wave timing and dynamically scales the T-wave components (LQT1, LQT2, LQT3)  · # to perfectly fit the beat-to-beat QT interval dictated by Bazett's formula. ",17 mechanically matched numeric changes,"## ECG Representation-Space Discrepancy Report (ECGFounder)
| Feature                      |    Value |  Benchmark |      Gap |
  *ED_unbiased = 0.184896 (eff = 0.184896).  Scale = 0.1500.  Score = 1/(1+ED_eff/scale).  Lower ED = more similar.*
  *Generated embeddings are +0.041 from the reference centroid.*
  *Gen spread is 0.87× reference spread.*
  *Reference pairwise similarity = 0.6720.  Near 1.0 indicates mode collapse.*
### Observations
- Moderate distribution discrepancy (score = 0.448).",,,,,,,,,LQT_seed1_008.txt
LQT,seed1,5,9,8,9,8,9,0.45354,0.48596,0.03242,calibration,,True,Adjusts scalar ranges or constants without changing the signal-generation structure.,,"# Refinement: Constrained the frontal plane electrical axis to a physiological  · # normal range (30-70 degrees) to eliminate extreme amplitude outliers and  · # ensure Lead II R-wave dominance, matching the empirical reference set.  · # Reduced the QRS amplitude range (0.8-1.6 mV) to better proportion the QRS  · # complex relative to the T-wave. Refined the LQT2 (notched) and LQT3  · # (late-onset) T-wave morphologies for more realistic ST-segment durations ","# Refinement: Corrected the QRS-to-T amplitude ratio and electrical axis  · # variance to match physiological blueprints. Previous versions constrained  · # R-wave amplitudes to a sub-physiological range (0.6-1.2 mV) while generating  · # large T-waves, leading to unrealistic morphologies and high inter-sample  · # similarity. This update scales R-waves to 1.0-2.5 mV, expands the frontal  · # plane axis variance, and fixes a bug in the LQT2 morphology where the second ",23 mechanically matched numeric changes,"## ECG Representation-Space Discrepancy Report (ECGFounder)
| Feature                      |    Value |  Benchmark |      Gap |
  *ED_unbiased = 0.180731 (eff = 0.180731).  Scale = 0.1500.  Score = 1/(1+ED_eff/scale).  Lower ED = more similar.*
  *Generated embeddings are +0.076 from the reference centroid.*
  *Gen spread is 1.07× reference spread.*
  *Reference pairwise similarity = 0.6720.  Near 1.0 indicates mode collapse.*
### Observations
- Moderate distribution discrepancy (score = 0.454).",constrain_electrical_axis,"Constrains the frontal plane electrical axis to a narrower, physiological normal range to eliminate extreme amplitude outliers and ensure realistic lead dominance.","theta_R = np.random.uniform(30, 70) * deg2rad",,,,,,LQT_seed1_009.txt
LQT,seed1,6,10,9,10,9,10,0.48596,0.53121,0.04524,temporal,,False,"Structural behavioral change; representative addition: m_Q = np.random.uniform(0.0, 0.15) * m_R",,"# Refinement: Expanded the physiological parameter distributions (QTc range,  · # heart rate, frontal plane electrical axes, and component amplitudes) to  · # increase inter-sample diversity and resolve the mode collapse (high inter-sample  · # similarity) identified in the discrepancy report. Q and S wave amplitudes are  · # now scaled proportionally to the R wave to maintain realistic QRS morphologies  · # across the wider amplitude range.","# Refinement: Constrained the frontal plane electrical axis to a physiological  · # normal range (30-70 degrees) to eliminate extreme amplitude outliers and  · # ensure Lead II R-wave dominance, matching the empirical reference set.  · # Reduced the QRS amplitude range (0.8-1.6 mV) to better proportion the QRS  · # complex relative to the T-wave. Refined the LQT2 (notched) and LQT3  · # (late-onset) T-wave morphologies for more realistic ST-segment durations ",28 mechanically matched numeric changes,"## ECG Representation-Space Discrepancy Report (ECGFounder)
| Feature                      |    Value |  Benchmark |      Gap |
  *ED_unbiased = 0.158666 (eff = 0.158666).  Scale = 0.1500.  Score = 1/(1+ED_eff/scale).  Lower ED = more similar.*
  *Generated embeddings are +0.035 from the reference centroid.*
  *Gen spread is 0.88× reference spread.*
  *Reference pairwise similarity = 0.6720.  Near 1.0 indicates mode collapse.*
### Observations
- Moderate distribution discrepancy (score = 0.486).",proportional_qrs_amplitude_scaling,Scales the Q and S wave amplitudes proportionally to the R wave amplitude to maintain realistic QRS complex morphology across a wider range of signal magnitudes.,"m_Q = np.random.uniform(0.0, 0.15) * m_R",,,,,,LQT_seed1_010.txt
LQT,seed1,7,85,10,85,10,85,0.53121,0.54121,0.01,calibration,,True,Adjusts scalar ranges or constants without changing the signal-generation structure.,,"# Refinement: Constrained the frontal plane electrical axis to a physiological  · # normal range (40-75 degrees) to ensure realistic lead dominance (Lead II > Lead I),  · # which addresses the atypical axis deviations seen in previous iterations.  · # Tightened the Gaussian widths for the QRS complex to produce sharper, more  · # realistic R and S waves. Reduced the frequency and complexity of the baseline  · # wander to prevent unnatural high-frequency undulating baselines.","# Refinement: Expanded the physiological parameter distributions (QTc range,  · # heart rate, frontal plane electrical axes, and component amplitudes) to  · # increase inter-sample diversity and resolve the mode collapse (high inter-sample  · # similarity) identified in the discrepancy report. Q and S wave amplitudes are  · # now scaled proportionally to the R wave to maintain realistic QRS morphologies  · # across the wider amplitude range.",21 mechanically matched numeric changes,"## ECG Representation-Space Discrepancy Report (ECGFounder)
| Feature                      |    Value |  Benchmark |      Gap |
  *ED_unbiased = 0.132376 (eff = 0.132376).  Scale = 0.1500.  Score = 1/(1+ED_eff/scale).  Lower ED = more similar.*
  *Generated embeddings are +0.083 from the reference centroid.*
  *Gen spread is 1.01× reference spread.*
  *Reference pairwise similarity = 0.6720.  Near 1.0 indicates mode collapse.*
### Observations
- Moderate distribution discrepancy (score = 0.531).",,,,,,,,,LQT_seed1_085.txt
LQT,seed2,1,2,0,2,0,2,0.28582,0.33943,0.0536,temporal,,False,"Structural behavioral change; representative addition: p_amp_II = np.random.uniform(0.10, 0.20)",,"#   - LQT1: Broad-based, prolonged T wave occupying the ST segment. ·     # Global amplitude scaling for Lead I relative to Lead II (typically 20-30% lower) ·      ·     # QRS-T morphology parameters (Base amplitudes for Lead II) ·     # Introducing significant inter-sample variability to prevent mode collapse ·     p_amp_II = np.random.uniform(0.10, 0.20)","#   - LQT1: Broad-based, prolonged T wave. ·     # Global amplitude scaling for leads to simulate anatomical differences ·     scale_II = np.random.uniform(0.9, 1.3) ·         lead_I += gaussian_wave(t, beat_t - 0.16, 0.02, 0.10 * scale_I) ·         lead_II += gaussian_wave(t, beat_t - 0.16, 0.02, 0.15 * scale_II) ·         lead_I += gaussian_wave(t, beat_t - 0.02, 0.01, -0.10 * scale_I)",5 mechanically matched numeric changes,"## ECG Representation-Space Discrepancy Report (ECGFounder)
| Feature                      |    Value |  Benchmark |      Gap |
  *ED_unbiased = 0.374805 (eff = 0.374805).  Scale = 0.1500.  Score = 1/(1+ED_eff/scale).  Lower ED = more similar.*
  *Generated embeddings are +0.078 from the reference centroid.*
  *Gen spread is 0.74× reference spread.*
  *Reference pairwise similarity = 0.6720.  Near 1.0 indicates mode collapse.*
### Observations
- Large distribution discrepancy (score = 0.286).",simulate_t_wave_alternans,Simulates T-wave alternans by applying a beat-to-beat alternating amplitude modulation to the T-wave in severe cases.,twa_mod = twa_amp * (1 if i % 2 == 0 else -1),,,,,,LQT_seed2_002.txt
LQT,seed2,2,3,2,3,2,3,0.33943,0.33958,0.00016,temporal,,False,"Structural behavioral change; representative addition: t_scale_I = scale_I * np.random.uniform(0.7, 1.3)",,"    # Global amplitude scaling for Lead I relative to Lead II (Electrical Axis) ·     # Widened range to increase inter-sample variability and prevent mode collapse ·      ·     # T-wave axis can sometimes differ slightly from QRS axis ·     t_scale_I = scale_I * np.random.uniform(0.7, 1.3) ·     # Adjusted to more realistic physiological ranges","    # Global amplitude scaling for Lead I relative to Lead II (typically 20-30% lower) ·     # Introducing significant inter-sample variability to prevent mode collapse ·             center_t = (s_end + t_end) / 2.0 ·             lead_I += gaussian_wave(t, beat_t + center_t, sigma_t, amp_II * scale_I) ·             sigma_t = np.random.uniform(0.025, 0.035) ·             center_t2 = t_end - 2 * sigma_t",25 mechanically matched numeric changes,"## ECG Representation-Space Discrepancy Report (ECGFounder)
| Feature                      |    Value |  Benchmark |      Gap |
  *ED_unbiased = 0.291923 (eff = 0.291923).  Scale = 0.1500.  Score = 1/(1+ED_eff/scale).  Lower ED = more similar.*
  *Generated embeddings are +0.084 from the reference centroid.*
  *Gen spread is 0.97× reference spread.*
  *Reference pairwise similarity = 0.6720.  Near 1.0 indicates mode collapse.*
### Observations
- Moderate distribution discrepancy (score = 0.339).",,,,,,,,,LQT_seed2_003.txt
LQT,seed2,3,4,3,4,3,4,0.33958,0.39517,0.05558,temporal,,False,"Structural behavioral change; representative addition: sigma_t2 = np.random.uniform(0.04, 0.06)",,"    # Adjusted to more realistic physiological ranges to balance QRS and T wave ·             # Use two Gaussians to create a broad, asymmetric shape that doesn't engulf the QRS ·             sigma_t2 = np.random.uniform(0.04, 0.06) ·             center_t2 = t_end - 2.5 * sigma_t2  # Peak of the T wave ·             # First part of the T wave (broad slope starting right after S wave) ·             center_t1 = s_end + (center_t2 - s_end) * 0.5","    # Adjusted to more realistic physiological ranges ·             center_t = s_end + (t_end - s_end) * 0.45 ·             sigma_t = (t_end - s_end) / 3.5 ·             amp_II = np.random.uniform(0.3, 0.6) + twa_mod ·             lead_II += gaussian_wave(t, beat_t + center_t, sigma_t, amp_II) ·             lead_I += gaussian_wave(t, beat_t + center_t, sigma_t, amp_II * t_scale_I)",11 mechanically matched numeric changes,"## ECG Representation-Space Discrepancy Report (ECGFounder)
| Feature                      |    Value |  Benchmark |      Gap |
  *ED_unbiased = 0.291716 (eff = 0.291716).  Scale = 0.1500.  Score = 1/(1+ED_eff/scale).  Lower ED = more similar.*
  *Generated embeddings are +0.105 from the reference centroid.*
  *Gen spread is 1.12× reference spread.*
  *Reference pairwise similarity = 0.6720.  Near 1.0 indicates mode collapse.*
### Observations
- Moderate distribution discrepancy (score = 0.340).",composite_gaussian_t_wave,"Replaces a single Gaussian with a composite of two Gaussian waves to generate a broad, asymmetric T-wave morphology for LQT1 without engulfing the QRS complex.","lead_II += gaussian_wave(t, beat_t + center_t1, sigma_t1, amp_II * 0.6); lead_II += gaussian_wave(t, beat_t + center_t2, sigma_t2, amp_II)",,,,,,LQT_seed2_004.txt
LQT,seed2,4,5,4,5,4,5,0.39517,0.40474,0.00957,heterogeneity,,False,"Structural behavioral change; representative addition: lqt_type = np.random.choice([1, 2, 3])",,"# Hypothesis for Refinement: · # The previous simulator exhibited low diversity (spread ratio) and high  · # inter-sample similarity because it used independent, narrow uniform  · # distributions for lead amplitudes. By implementing a unified cardiac  · # electrical axis model, we project 3D vector magnitudes onto Lead I (0°)  · # and Lead II (60°). This physiologically couples the amplitudes of P, Q, R, ","# The QT interval is dynamically calculated using Bazett's formula (QTc), · # ensuring physiological scaling with heart rate variations. ·     hr_mean = np.random.uniform(50.0, 90.0) # bpm ·     # LQTS Genotype/Morphology (1=LQT1, 2=LQT2, 3=LQT3) ·     lqt_type = np.random.choice([1, 2, 3]) ·     # Global amplitude scaling for Lead I relative to Lead II (Electrical Axis)",9 mechanically matched numeric changes,"## ECG Representation-Space Discrepancy Report (ECGFounder)
| Feature                      |    Value |  Benchmark |      Gap |
  *ED_unbiased = 0.229587 (eff = 0.229587).  Scale = 0.1500.  Score = 1/(1+ED_eff/scale).  Lower ED = more similar.*
  *Generated embeddings are +0.056 from the reference centroid.*
  *Gen spread is 0.75× reference spread.*
  *Reference pairwise similarity = 0.6720.  Near 1.0 indicates mode collapse.*
### Observations
- Moderate distribution discrepancy (score = 0.395).",,,,,,,,,LQT_seed2_005.txt
LQT,seed2,5,6,5,6,5,6,0.40474,0.40596,0.00122,temporal,,False,"Structural behavioral change; representative addition: sigma_t = np.random.uniform(0.05, 0.08)",,"# The previous simulator generated T-waves with unrealistically high amplitudes  · # and ""lumpy"" morphologies (especially the two-Gaussian LQT1 model), leading to  · # low inter-sample similarity and visual mismatch with real clinical recordings.  · # By reducing T-wave amplitudes to better match physiological R/T ratios,  · # simplifying LQT1 to a single broad Gaussian, and increasing QRS morphological  · # variance (Q and S wave depths), we will increase the spread ratio and better ","# The previous simulator exhibited low diversity (spread ratio) and high  · # inter-sample similarity because it used independent, narrow uniform  · # distributions for lead amplitudes. By implementing a unified cardiac  · # electrical axis model, we project 3D vector magnitudes onto Lead I (0°)  · # and Lead II (60°). This physiologically couples the amplitudes of P, Q, R,  · # S, and T waves across leads, naturally generating a much wider and more ",12 mechanically matched numeric changes,"## ECG Representation-Space Discrepancy Report (ECGFounder)
| Feature                      |    Value |  Benchmark |      Gap |
  *ED_unbiased = 0.220610 (eff = 0.220610).  Scale = 0.1500.  Score = 1/(1+ED_eff/scale).  Lower ED = more similar.*
  *Generated embeddings are +0.049 from the reference centroid.*
  *Gen spread is 0.81× reference spread.*
  *Reference pairwise similarity = 0.6720.  Near 1.0 indicates mode collapse.*
### Observations
- Moderate distribution discrepancy (score = 0.405).",,,,,,,,,LQT_seed2_006.txt
LQT,seed2,6,8,6,8,6,8,0.40596,0.41901,0.01306,temporal,,False,"Structural behavioral change; representative addition: sigma_t1 = np.random.uniform(0.03, 0.05)",,"# The previous simulator simplified the LQT1 T-wave to a single broad Gaussian,  · # which resulted in an unnaturally symmetric, ""lumpy"" morphology and excessively  · # high amplitudes, reducing realism and inter-sample diversity. By implementing  · # a composite two-Gaussian model for the LQT1 T-wave to create a realistic  · # asymmetric broad base, and by globally reducing T-wave amplitudes to better  · # match physiological R/T ratios, we will improve the morphological realism ","# The previous simulator generated T-waves with unrealistically high amplitudes  · # and ""lumpy"" morphologies (especially the two-Gaussian LQT1 model), leading to  · # low inter-sample similarity and visual mismatch with real clinical recordings.  · # By reducing T-wave amplitudes to better match physiological R/T ratios,  · # simplifying LQT1 to a single broad Gaussian, and increasing QRS morphological  · # variance (Q and S wave depths), we will increase the spread ratio and better ",10 mechanically matched numeric changes,"## ECG Representation-Space Discrepancy Report (ECGFounder)
| Feature                      |    Value |  Benchmark |      Gap |
  *ED_unbiased = 0.219498 (eff = 0.219498).  Scale = 0.1500.  Score = 1/(1+ED_eff/scale).  Lower ED = more similar.*
  *Generated embeddings are +0.061 from the reference centroid.*
  *Gen spread is 0.78× reference spread.*
  *Reference pairwise similarity = 0.6720.  Near 1.0 indicates mode collapse.*
### Observations
- Moderate distribution discrepancy (score = 0.406).",,,,,,,,,LQT_seed2_008.txt
LQT,seed2,7,9,8,9,8,9,0.41901,0.44895,0.02994,heterogeneity,,False,Structural behavioral change; representative addition: has_s = np.random.rand() > 0.2,,"# The previous simulator produced unnaturally massive and ""lumpy"" T-waves for  · # LQT1 due to the additive overlap of two large Gaussians, and lacked sufficient  · # QRS/axis diversity, leading to low spread ratio and morphological mismatch.  · # By separating the LQT1 Gaussian amplitudes to prevent excessive summation,  · # reducing overall T-wave amplitudes to better match physiological R/T ratios,  · # and expanding the ranges for electrical axes and QRS components (Q/S waves), ","# The previous simulator simplified the LQT1 T-wave to a single broad Gaussian,  · # which resulted in an unnaturally symmetric, ""lumpy"" morphology and excessively  · # high amplitudes, reducing realism and inter-sample diversity. By implementing  · # a composite two-Gaussian model for the LQT1 T-wave to create a realistic  · # asymmetric broad base, and by globally reducing T-wave amplitudes to better  · # match physiological R/T ratios, we will improve the morphological realism ",23 mechanically matched numeric changes,"## ECG Representation-Space Discrepancy Report (ECGFounder)
| Feature                      |    Value |  Benchmark |      Gap |
  *ED_unbiased = 0.207985 (eff = 0.207985).  Scale = 0.1500.  Score = 1/(1+ED_eff/scale).  Lower ED = more similar.*
  *Generated embeddings are +0.054 from the reference centroid.*
  *Gen spread is 0.76× reference spread.*
  *Reference pairwise similarity = 0.6720.  Near 1.0 indicates mode collapse.*
### Observations
- Moderate distribution discrepancy (score = 0.419).",decoupled_gaussian_component_amplitudes,Assigning independent amplitude parameters to individual Gaussian components of a composite wave prevents unnatural additive summation and improves morphological realism.,,,,,,,LQT_seed2_009.txt
LQT,seed2,8,10,9,10,9,10,0.44895,0.46938,0.02044,temporal,,False,"Structural behavioral change; representative addition: sigma_t = np.random.uniform(0.07, 0.10)",,"#   - LQT1: Broad-based, symmetrical, prolonged T wave occupying the ST segment. · # The previous simulator failed to accurately represent the distinct T-wave  · # morphologies and amplitudes of the three LQTS subtypes, specifically producing  · # asymmetric/lumpy LQT1 waves instead of broad symmetrical ones, and using  · # incorrect, overly reduced amplitude ranges across all subtypes. By strictly  · # aligning the T-wave Gaussian parameters (center, width, and amplitude) with ","#   - LQT1: Broad-based, prolonged T wave occupying the ST segment. · # The previous simulator produced unnaturally massive and ""lumpy"" T-waves for  · # LQT1 due to the additive overlap of two large Gaussians, and lacked sufficient  · # QRS/axis diversity, leading to low spread ratio and morphological mismatch.  · # By separating the LQT1 Gaussian amplitudes to prevent excessive summation,  · # reducing overall T-wave amplitudes to better match physiological R/T ratios, ",9 mechanically matched numeric changes,"## ECG Representation-Space Discrepancy Report (ECGFounder)
| Feature                      |    Value |  Benchmark |      Gap |
  *ED_unbiased = 0.184113 (eff = 0.184113).  Scale = 0.1500.  Score = 1/(1+ED_eff/scale).  Lower ED = more similar.*
  *Generated embeddings are +0.059 from the reference centroid.*
  *Gen spread is 0.86× reference spread.*
  *Reference pairwise similarity = 0.6720.  Near 1.0 indicates mode collapse.*
### Observations
- Moderate distribution discrepancy (score = 0.449).",fractional_qt_twave_timing,Positions T-wave Gaussian centers using proportional fractions of the QT interval relative to QRS onset instead of fixed backward offsets from the end of the T-wave.,center_t = qrs_onset + qt * 0.85,,,,,,LQT_seed2_010.txt
LQT,seed2,9,12,10,12,10,12,0.46938,0.47221,0.00282,temporal,,False,"Structural behavioral change; representative addition: sigma_t1 = np.random.uniform(0.06, 0.09)",,"#   - LQT1: Broad-based, asymmetric, prolonged T wave occupying the ST segment. · # The previous simulator used a single, perfectly symmetric Gaussian for LQT1,  · # resulting in an artificial, overly smooth ""hump"" that dominated the ST segment.  · # Furthermore, the LQT2 notches were spaced too far apart, appearing as separate  · # waves rather than a single notched T-wave. By implementing a composite asymmetric  · # Gaussian for LQT1 (slower upstroke, faster downstroke) and reducing the peak ","#   - LQT1: Broad-based, symmetrical, prolonged T wave occupying the ST segment. · # The previous simulator failed to accurately represent the distinct T-wave  · # morphologies and amplitudes of the three LQTS subtypes, specifically producing  · # asymmetric/lumpy LQT1 waves instead of broad symmetrical ones, and using  · # incorrect, overly reduced amplitude ranges across all subtypes. By strictly  · # aligning the T-wave Gaussian parameters (center, width, and amplitude) with ",9 mechanically matched numeric changes,"## ECG Representation-Space Discrepancy Report (ECGFounder)
| Feature                      |    Value |  Benchmark |      Gap |
  *ED_unbiased = 0.169567 (eff = 0.169567).  Scale = 0.1500.  Score = 1/(1+ED_eff/scale).  Lower ED = more similar.*
  *Generated embeddings are +0.073 from the reference centroid.*
  *Gen spread is 0.95× reference spread.*
  *Reference pairwise similarity = 0.6720.  Near 1.0 indicates mode collapse.*
### Observations
- Moderate distribution discrepancy (score = 0.469).",,,,,,,,,LQT_seed2_012.txt
LQT,seed2,10,14,12,14,12,14,0.47221,0.4747,0.0025,recording process,,False,Structural behavioral change; representative addition: return amplitude * np.exp(-0.5 * ((t - center) / sigma)**2),,"#   - LQT1: Broad-based, prolonged T wave occupying the ST segment. · # The previous simulator attempted to create an asymmetric LQT1 T-wave by  · # summing two separate Gaussian components. This inadvertently caused constructive  · # interference, resulting in unrealistically massive, ""blobby"" T-waves that  · # exceeded physiological amplitude limits (visible in the generated samples).  · # By replacing the additive composite with a single, mathematically asymmetric ","#   - LQT1: Broad-based, asymmetric, prolonged T wave occupying the ST segment. · # The previous simulator used a single, perfectly symmetric Gaussian for LQT1,  · # resulting in an artificial, overly smooth ""hump"" that dominated the ST segment.  · # Furthermore, the LQT2 notches were spaced too far apart, appearing as separate  · # waves rather than a single notched T-wave. By implementing a composite asymmetric  · # Gaussian for LQT1 (slower upstroke, faster downstroke) and reducing the peak ",4 mechanically matched numeric changes,"## ECG Representation-Space Discrepancy Report (ECGFounder)
| Feature                      |    Value |  Benchmark |      Gap |
  *ED_unbiased = 0.167658 (eff = 0.167658).  Scale = 0.1500.  Score = 1/(1+ED_eff/scale).  Lower ED = more similar.*
  *Generated embeddings are +0.061 from the reference centroid.*
  *Gen spread is 0.94× reference spread.*
  *Reference pairwise similarity = 0.6720.  Near 1.0 indicates mode collapse.*
### Observations
- Moderate distribution discrepancy (score = 0.472).",,,,,,,,,LQT_seed2_014.txt
LQT,seed2,11,18,14,18,14,18,0.4747,0.475,0.00029,recording process,,False,Structural behavioral change; representative addition: available_time = (qrs_onset + qt) - s_end,,"# Previous iterations placed T-wave centers using arbitrary fractional offsets  · # of the QT interval, which caused the actual measurable QT interval (the end  · # of the T-wave) to fluctuate unpredictably and often fail to match the target  · # QTc. By mathematically anchoring the termination of the T-wave(s) to the  · # exact target QT interval (calculated via Bazett's formula), we ensure strict  · # physiological accuracy. For LQT1, dynamically calculating the Gaussian width ","# The previous simulator attempted to create an asymmetric LQT1 T-wave by  · # summing two separate Gaussian components. This inadvertently caused constructive  · # interference, resulting in unrealistically massive, ""blobby"" T-waves that  · # exceeded physiological amplitude limits (visible in the generated samples).  · # By replacing the additive composite with a single, mathematically asymmetric  · # Gaussian function, we can precisely control the peak amplitude while maintaining ",2 mechanically matched numeric changes,"## ECG Representation-Space Discrepancy Report (ECGFounder)
| Feature                      |    Value |  Benchmark |      Gap |
  *ED_unbiased = 0.165987 (eff = 0.165987).  Scale = 0.1500.  Score = 1/(1+ED_eff/scale).  Lower ED = more similar.*
  *Generated embeddings are +0.058 from the reference centroid.*
  *Gen spread is 0.95× reference spread.*
  *Reference pairwise similarity = 0.6720.  Near 1.0 indicates mode collapse.*
### Observations
- Moderate distribution discrepancy (score = 0.475).",,,,,,,,,LQT_seed2_018.txt
LQT,seed2,12,19,18,19,18,19,0.475,0.52318,0.04818,temporal,,False,"Structural behavioral change; representative addition: r_width = np.random.uniform(0.010, 0.015) # Slightly sharpened",,"# The previous iteration anchored the T-wave end to the QT interval, which improved  · # timing but caused the LQT1 T-wave to be modeled as a single, excessively wide Gaussian.  · # This resulted in an unnatural ""blobby"" morphology that lacked a distinct peak. By  · # replacing the single LQT1 Gaussian with a composite of two Gaussians (an early broad  · # component to fill the ST segment and a narrower main peak anchored to the QT end),  · # we can generate a realistic broad-based, asymmetric T-wave that accurately reflects ","# Previous iterations placed T-wave centers using arbitrary fractional offsets  · # of the QT interval, which caused the actual measurable QT interval (the end  · # of the T-wave) to fluctuate unpredictably and often fail to match the target  · # QTc. By mathematically anchoring the termination of the T-wave(s) to the  · # exact target QT interval (calculated via Bazett's formula), we ensure strict  · # physiological accuracy. For LQT1, dynamically calculating the Gaussian width ",,"## ECG Representation-Space Discrepancy Report (ECGFounder)
| Feature                      |    Value |  Benchmark |      Gap |
  *ED_unbiased = 0.165791 (eff = 0.165791).  Scale = 0.1500.  Score = 1/(1+ED_eff/scale).  Lower ED = more similar.*
  *Generated embeddings are +0.057 from the reference centroid.*
  *Gen spread is 0.98× reference spread.*
  *Reference pairwise similarity = 0.6720.  Near 1.0 indicates mode collapse.*
### Observations
- Moderate distribution discrepancy (score = 0.475).",composite_gaussian_twave_morphology,"Replaces a single excessively wide Gaussian with a composite of two Gaussians (an early broad component and a narrower main peak) to generate a realistic, broad-based, asymmetric T-wave for LQT1.","lead_II += gaussian_wave(t, beat_t + center_t1, sigma_t1, amp_II * 0.5) lead_II += gaussian_wave(t, beat_t + center_t2, sigma_t2, amp_II * 0.8)",,,,,,LQT_seed2_019.txt
LQT,seed2,13,20,19,20,19,20,0.52318,0.52565,0.00247,temporal,,False,Structural behavioral change; representative addition: center_t2 = qrs_onset + qt * 0.80,,"# The previous iteration used fixed backward offsets from the absolute end of the QT interval  · # to position the T-wave Gaussian components. This approach can cause the components to bunch up  · # or spread out unnaturally when the QT interval varies significantly, leading to morphological  · # distortions (e.g., excessively wide or detached T-waves). By positioning the T-wave Gaussian  · # centers using proportional fractions of the QT interval relative to QRS onset, the ST-T wave  · # morphology will scale naturally and adapt correctly to varying QT intervals, improving ","# The previous iteration anchored the T-wave end to the QT interval, which improved  · # timing but caused the LQT1 T-wave to be modeled as a single, excessively wide Gaussian.  · # This resulted in an unnatural ""blobby"" morphology that lacked a distinct peak. By  · # replacing the single LQT1 Gaussian with a composite of two Gaussians (an early broad  · # component to fill the ST segment and a narrower main peak anchored to the QT end),  · # we can generate a realistic broad-based, asymmetric T-wave that accurately reflects ",2 mechanically matched numeric changes,"## ECG Representation-Space Discrepancy Report (ECGFounder)
| Feature                      |    Value |  Benchmark |      Gap |
  *ED_unbiased = 0.136709 (eff = 0.136709).  Scale = 0.1500.  Score = 1/(1+ED_eff/scale).  Lower ED = more similar.*
  *Generated embeddings are +0.028 from the reference centroid.*
  *Gen spread is 0.80× reference spread.*
  *Reference pairwise similarity = 0.6720.  Near 1.0 indicates mode collapse.*
### Observations
- Moderate distribution discrepancy (score = 0.523).",,,,,,,,,LQT_seed2_020.txt
LQT,seed2,14,25,20,25,20,25,0.52565,0.55728,0.03164,recording process,,False,"Structural behavioral change; representative addition: r_width = np.random.uniform(0.010, 0.015)",,"#   - LQT1: Broad-based, symmetrical, prolonged T wave occupying the ST segment. · # The previous iteration modeled the LQT1 T-wave using a composite of two widely  · # separated Gaussians, resulting in an asymmetric, late-peaking morphology. This  · # contradicts the clinical definition of LQT1, which is characterized by a broad-based,  · # symmetrical T-wave that occupies the entire ST segment. By replacing the LQT1 model  · # with a single, exceptionally broad Gaussian centered at ~55% of the QT interval, and ","#   - LQT1: Broad-based, prolonged T wave occupying the ST segment. · # The previous iteration used fixed backward offsets from the absolute end of the QT interval  · # to position the T-wave Gaussian components. This approach can cause the components to bunch up  · # or spread out unnaturally when the QT interval varies significantly, leading to morphological  · # distortions (e.g., excessively wide or detached T-waves). By positioning the T-wave Gaussian  · # centers using proportional fractions of the QT interval relative to QRS onset, the ST-T wave ",16 mechanically matched numeric changes,"## ECG Representation-Space Discrepancy Report (ECGFounder)
| Feature                      |    Value |  Benchmark |      Gap |
  *ED_unbiased = 0.135363 (eff = 0.135363).  Scale = 0.1500.  Score = 1/(1+ED_eff/scale).  Lower ED = more similar.*
  *Generated embeddings are +0.026 from the reference centroid.*
  *Gen spread is 0.77× reference spread.*
  *Reference pairwise similarity = 0.6720.  Near 1.0 indicates mode collapse.*
### Observations
- Moderate distribution discrepancy (score = 0.526).",model_lqt1_single_broad_gaussian,"Replaces a composite two-Gaussian T-wave model with a single, exceptionally broad Gaussian to accurately simulate the symmetrical, broad-based morphology characteristic of LQT1.","sigma_t = np.random.uniform(0.07, 0.11); center_t = qrs_onset + qt * 0.55; lead_II += gaussian_wave(t, beat_t + center_t, sigma_t, amp_II)",,,,,,LQT_seed2_025.txt
LQT,seed2,15,26,25,26,25,26,0.55728,0.56171,0.00442,calibration,,True,Adjusts scalar ranges or constants without changing the signal-generation structure.,,"# The previous iteration modeled the LQT1 T-wave with an excessively large width  · # (sigma up to 0.11s) and an early center (55% of QT), causing the T-wave to  · # unnaturally engulf the QRS complex and extend beyond the QT interval, creating  · # a massive, unphysiological hump. By reducing the LQT1 T-wave width (sigma to  · # 0.055-0.075s) and shifting its center slightly later (60% of QT), the simulated  · # LQT1 morphology will correctly occupy the ST segment without overlapping the QRS. ","# The previous iteration modeled the LQT1 T-wave using a composite of two widely  · # separated Gaussians, resulting in an asymmetric, late-peaking morphology. This  · # contradicts the clinical definition of LQT1, which is characterized by a broad-based,  · # symmetrical T-wave that occupies the entire ST segment. By replacing the LQT1 model  · # with a single, exceptionally broad Gaussian centered at ~55% of the QT interval, and  · # slightly adjusting the LQT2 notch spacing, the simulated T-wave morphologies will ",9 mechanically matched numeric changes,"## ECG Representation-Space Discrepancy Report (ECGFounder)
| Feature                      |    Value |  Benchmark |      Gap |
  *ED_unbiased = 0.119162 (eff = 0.119162).  Scale = 0.1500.  Score = 1/(1+ED_eff/scale).  Lower ED = more similar.*
  *Generated embeddings are +0.041 from the reference centroid.*
  *Gen spread is 0.92× reference spread.*
  *Reference pairwise similarity = 0.6720.  Near 1.0 indicates mode collapse.*
### Observations
- Moderate distribution discrepancy (score = 0.557).",,,,,,,,,LQT_seed2_026.txt
LQT,seed2,16,28,26,28,26,28,0.56171,0.55856,-0.00315,temporal,,False,"Structural behavioral change; representative addition: sigma_t1 = np.random.uniform(0.06, 0.08)",,"# The previous iteration modeled the LQT1 T-wave with a single Gaussian, which  · # either fails to fully occupy the ST segment or unnaturally engulfs the QRS  · # complex depending on its width. By replacing this with a composite of two  · # Gaussians—an early, broad component to elevate the ST segment and a later,  · # narrower component for the main peak—the simulator will generate a more  · # realistic, broad-based LQT1 morphology that smoothly transitions from the QRS ","# The previous iteration modeled the LQT1 T-wave with an excessively large width  · # (sigma up to 0.11s) and an early center (55% of QT), causing the T-wave to  · # unnaturally engulf the QRS complex and extend beyond the QT interval, creating  · # a massive, unphysiological hump. By reducing the LQT1 T-wave width (sigma to  · # 0.055-0.075s) and shifting its center slightly later (60% of QT), the simulated  · # LQT1 morphology will correctly occupy the ST segment without overlapping the QRS. ",,"## ECG Representation-Space Discrepancy Report (ECGFounder)
| Feature                      |    Value |  Benchmark |      Gap |
  *ED_unbiased = 0.117043 (eff = 0.117043).  Scale = 0.1500.  Score = 1/(1+ED_eff/scale).  Lower ED = more similar.*
  *Generated embeddings are +0.037 from the reference centroid.*
  *Gen spread is 0.87× reference spread.*
  *Reference pairwise similarity = 0.6720.  Near 1.0 indicates mode collapse.*
### Observations
- Moderate distribution discrepancy (score = 0.562).",,,,,,,,,LQT_seed2_028.txt
LQT,seed2,17,29,28,29,28,29,0.55856,0.56222,0.00366,temporal,,False,"Structural behavioral change; representative addition: sigma_t = np.random.uniform(0.07, 0.11)",,"# The previous iteration modeled the LQT1 T-wave with a composite of two  · # Gaussians in an attempt to prevent it from engulfing the QRS complex.  · # However, this creates an unnatural, asymmetric, and lumpy morphology that  · # contradicts the clinical description of a symmetrical, broad-based T-wave.  · # By replacing the composite model with a single, exceptionally broad Gaussian,  · # the simulator will accurately reproduce the symmetrical LQT1 morphology ","# The previous iteration modeled the LQT1 T-wave with a single Gaussian, which  · # either fails to fully occupy the ST segment or unnaturally engulfs the QRS  · # complex depending on its width. By replacing this with a composite of two  · # Gaussians—an early, broad component to elevate the ST segment and a later,  · # narrower component for the main peak—the simulator will generate a more  · # realistic, broad-based LQT1 morphology that smoothly transitions from the QRS ",,"## ECG Representation-Space Discrepancy Report (ECGFounder)
| Feature                      |    Value |  Benchmark |      Gap |
  *ED_unbiased = 0.118549 (eff = 0.118549).  Scale = 0.1500.  Score = 1/(1+ED_eff/scale).  Lower ED = more similar.*
  *Generated embeddings are +0.035 from the reference centroid.*
  *Gen spread is 0.86× reference spread.*
  *Reference pairwise similarity = 0.6720.  Near 1.0 indicates mode collapse.*
### Observations
- Moderate distribution discrepancy (score = 0.559).",,,,,,,,,LQT_seed2_029.txt
LQT,seed2,18,30,29,30,29,30,0.56222,0.5665,0.00428,temporal,,False,"Structural behavioral change; representative addition: sigma_base = np.random.uniform(0.07, 0.09)",,"# The current simulator models the LQT1 T-wave using a single, exceptionally broad  · # Gaussian centered too early in the QT interval. This creates an unnatural, massive  · # hump that merges with the QRS complex and lacks a distinct physiological peak.  · # By replacing this with a concentric composite of two Gaussians (a wide base and a  · # narrower peak centered at the same time) and shifting the center slightly later  · # (to 65% of the QT interval), the simulator will generate a realistic, broad-based, ","# The previous iteration modeled the LQT1 T-wave with a composite of two  · # Gaussians in an attempt to prevent it from engulfing the QRS complex.  · # However, this creates an unnatural, asymmetric, and lumpy morphology that  · # contradicts the clinical description of a symmetrical, broad-based T-wave.  · # By replacing the composite model with a single, exceptionally broad Gaussian,  · # the simulator will accurately reproduce the symmetrical LQT1 morphology ",1 mechanically matched numeric changes,"## ECG Representation-Space Discrepancy Report (ECGFounder)
| Feature                      |    Value |  Benchmark |      Gap |
  *ED_unbiased = 0.116799 (eff = 0.116799).  Scale = 0.1500.  Score = 1/(1+ED_eff/scale).  Lower ED = more similar.*
  *Generated embeddings are +0.039 from the reference centroid.*
  *Gen spread is 0.94× reference spread.*
  *Reference pairwise similarity = 0.6720.  Near 1.0 indicates mode collapse.*
### Observations
- Moderate distribution discrepancy (score = 0.562).",,,,,,,,,LQT_seed2_030.txt
LQT,seed2,19,51,30,51,30,51,0.5665,0.56553,-0.00098,temporal,,False,"Structural behavioral change; representative addition: sigma_t = np.random.uniform(0.06, 0.08)",,"# The current simulator models the LQT1 T-wave using a concentric composite of two  · # Gaussians, which produces an unnatural ""sombrero"" morphology (a sharp peak on a  · # wide base) not seen in clinical ECGs. By reverting to a single broad Gaussian but  · # carefully constraining its width (sigma = 0.06-0.08) and centering it slightly  · # later (60% of the QT interval), the simulator will accurately generate the  · # symmetrical, broad-based T-wave characteristic of LQT1 without engulfing the ","# The current simulator models the LQT1 T-wave using a single, exceptionally broad  · # Gaussian centered too early in the QT interval. This creates an unnatural, massive  · # hump that merges with the QRS complex and lacks a distinct physiological peak.  · # By replacing this with a concentric composite of two Gaussians (a wide base and a  · # narrower peak centered at the same time) and shifting the center slightly later  · # (to 65% of the QT interval), the simulator will generate a realistic, broad-based, ",1 mechanically matched numeric changes,"## ECG Representation-Space Discrepancy Report (ECGFounder)
| Feature                      |    Value |  Benchmark |      Gap |
  *ED_unbiased = 0.114782 (eff = 0.114782).  Scale = 0.1500.  Score = 1/(1+ED_eff/scale).  Lower ED = more similar.*
  *Generated embeddings are +0.029 from the reference centroid.*
  *Gen spread is 0.80× reference spread.*
  *Reference pairwise similarity = 0.6720.  Near 1.0 indicates mode collapse.*
### Observations
- Moderate distribution discrepancy (score = 0.567).",,,,,,,,,LQT_seed2_051.txt
LQT,seed2,20,53,51,53,51,53,0.56553,0.56776,0.00223,temporal,,False,Structural behavioral change; representative addition: center_t1 = qrs_onset + qt * 0.45,,"#   - LQT1: Broad-based, asymmetric, prolonged T wave occupying the ST segment. · # The current simulator models the LQT1 T-wave using a single, excessively wide  · # and perfectly symmetric Gaussian, which produces an unnatural ""blob-like"" morphology  · # not seen in clinical ECGs. By replacing this with a composite of two Gaussians  · # (an early, broad component representing a slow upstroke, and a later, narrower  · # main peak representing a faster downstroke), the simulator will generate a more ","#   - LQT1: Broad-based, symmetrical, prolonged T wave occupying the ST segment. · # The current simulator models the LQT1 T-wave using a concentric composite of two  · # Gaussians, which produces an unnatural ""sombrero"" morphology (a sharp peak on a  · # wide base) not seen in clinical ECGs. By reverting to a single broad Gaussian but  · # carefully constraining its width (sigma = 0.06-0.08) and centering it slightly  · # later (60% of the QT interval), the simulator will accurately generate the ",,"## ECG Representation-Space Discrepancy Report (ECGFounder)
| Feature                      |    Value |  Benchmark |      Gap |
  *ED_unbiased = 0.115240 (eff = 0.115240).  Scale = 0.1500.  Score = 1/(1+ED_eff/scale).  Lower ED = more similar.*
  *Generated embeddings are +0.034 from the reference centroid.*
  *Gen spread is 0.87× reference spread.*
  *Reference pairwise similarity = 0.6720.  Near 1.0 indicates mode collapse.*
### Observations
- Moderate distribution discrepancy (score = 0.566).",,,,,,,,,LQT_seed2_053.txt
LQT,seed3,1,1,0,1,0,1,0.28582,0.39234,0.10652,temporal,,False,"Structural behavioral change; representative addition: p_amp = np.random.uniform(0.08, 0.15)",,"     ·     # Subject-specific P-QRS morphology (adds inter-sample variance to combat mode collapse) ·     p_amp = np.random.uniform(0.08, 0.15) ·     p_width = np.random.uniform(0.015, 0.025) ·      ·     q_amp = np.random.uniform(-0.05, -0.20)","        lead_I += gaussian_wave(t, beat_t - 0.16, 0.02, 0.10 * scale_I) ·         lead_II += gaussian_wave(t, beat_t - 0.16, 0.02, 0.15 * scale_II) ·         lead_I += gaussian_wave(t, beat_t - 0.02, 0.01, -0.10 * scale_I) ·         lead_II += gaussian_wave(t, beat_t - 0.02, 0.01, -0.15 * scale_II) ·         lead_I += gaussian_wave(t, beat_t, 0.015, 0.80 * scale_I) ·         lead_II += gaussian_wave(t, beat_t, 0.015, 1.20 * scale_II)",11 mechanically matched numeric changes,"## ECG Representation-Space Discrepancy Report (ECGFounder)
| Feature                      |    Value |  Benchmark |      Gap |
  *ED_unbiased = 0.374805 (eff = 0.374805).  Scale = 0.1500.  Score = 1/(1+ED_eff/scale).  Lower ED = more similar.*
  *Generated embeddings are +0.078 from the reference centroid.*
  *Gen spread is 0.74× reference spread.*
  *Reference pairwise similarity = 0.6720.  Near 1.0 indicates mode collapse.*
### Observations
- Large distribution discrepancy (score = 0.286).",simulate_t_wave_alternans,Introduces beat-to-beat alternating T-wave amplitudes for severe cases to better model the physiological complexities of prolonged QT intervals.,current_twa = twa_delta * (1 if i % 2 == 0 else -1),,,,,,LQT_seed3_001.txt
LQT,seed3,2,3,1,3,1,3,0.39234,0.41156,0.01922,heterogeneity,,False,"Structural behavioral change; representative addition: r_axis = np.random.uniform(0, 75) * np.pi / 180.0",,"# REFINEMENT: Implemented a 3D electrical axis projection model. Instead of  · # independent random scaling per lead, the P, Q, R, S, and T waves are modeled  · # as vectors in the frontal plane and projected onto Lead I (0 deg) and  · # Lead II (60 deg). This significantly increases physiological inter-sample  · # diversity (combating mode collapse) and ensures realistic morphological  · # relationships between the leads.","# The QT interval is dynamically calculated using Bazett's formula (QTc), · # ensuring physiological scaling with heart rate variations. ·     # Global amplitude scaling for leads to simulate anatomical differences ·     scale_I = np.random.uniform(0.6, 1.1) ·     scale_II = np.random.uniform(0.8, 1.3) ·     # Subject-specific P-QRS morphology (adds inter-sample variance to combat mode collapse)",,"## ECG Representation-Space Discrepancy Report (ECGFounder)
| Feature                      |    Value |  Benchmark |      Gap |
  *ED_unbiased = 0.232319 (eff = 0.232319).  Scale = 0.1500.  Score = 1/(1+ED_eff/scale).  Lower ED = more similar.*
  *Generated embeddings are +0.047 from the reference centroid.*
  *Gen spread is 0.83× reference spread.*
  *Reference pairwise similarity = 0.6720.  Near 1.0 indicates mode collapse.*
### Observations
- Moderate distribution discrepancy (score = 0.392).",,,,,,,,,LQT_seed3_003.txt
LQT,seed3,3,4,3,4,3,4,0.41156,0.51299,0.10143,temporal,,False,"Structural behavioral change; representative addition: p_offset = np.random.uniform(-0.18, -0.14)",,"# REFINEMENT: Implemented a dynamic, ST-segment-aware T-wave positioning  · # model. Instead of using fixed Gaussian widths that often resulted in  · # unnatural shapes or incorrect ST segment lengths, the T-wave width and  · # center are now dynamically calculated to perfectly fill the available  · # repolarization time (especially for LQT1) or create the correct isoelectric  · # delay (LQT3). Additionally, increased the variance of QRS morphologies and ","# REFINEMENT: Implemented a 3D electrical axis projection model. Instead of  · # independent random scaling per lead, the P, Q, R, S, and T waves are modeled  · # as vectors in the frontal plane and projected onto Lead I (0 deg) and  · # Lead II (60 deg). This significantly increases physiological inter-sample  · # diversity (combating mode collapse) and ensures realistic morphological  · # relationships between the leads.",18 mechanically matched numeric changes,"## ECG Representation-Space Discrepancy Report (ECGFounder)
| Feature                      |    Value |  Benchmark |      Gap |
  *ED_unbiased = 0.214465 (eff = 0.214465).  Scale = 0.1500.  Score = 1/(1+ED_eff/scale).  Lower ED = more similar.*
  *Generated embeddings are +0.046 from the reference centroid.*
  *Gen spread is 0.83× reference spread.*
  *Reference pairwise similarity = 0.6720.  Near 1.0 indicates mode collapse.*
### Observations
- Moderate distribution discrepancy (score = 0.412).",dynamic_t_wave_positioning,Dynamically calculates T-wave width and center position based on the available repolarization time to ensure realistic ST segment lengths.,t_duration = t_end - st_start; sigma_t = t_duration / 5.0; dt_t = st_start + 2.5 * sigma_t,,,,,,LQT_seed3_004.txt
LQT,seed3,4,7,4,7,4,7,0.51299,0.4901,-0.02289,calibration,,True,Adjusts scalar ranges or constants without changing the signal-generation structure.,,"# REFINEMENT: Calibrated electrophysiological parameters (electrical axes,  · # vector magnitudes, and wave widths) to correct morphological discrepancies.  · # Specifically, constrained the R and T wave axes to prevent unrealistic  · # projections (e.g., inverted T-waves in Lead I), balanced the R/T amplitude  · # ratio by reducing excessive R-wave heights, ensured consistent Q and S waves,  · # and sharpened the QRS complex. LQT2 and LQT3 T-wave shapes were also refined ","# REFINEMENT: Implemented a dynamic, ST-segment-aware T-wave positioning  · # model. Instead of using fixed Gaussian widths that often resulted in  · # unnatural shapes or incorrect ST segment lengths, the T-wave width and  · # center are now dynamically calculated to perfectly fill the available  · # repolarization time (especially for LQT1) or create the correct isoelectric  · # delay (LQT3). Additionally, increased the variance of QRS morphologies and ",9 mechanically matched numeric changes,"## ECG Representation-Space Discrepancy Report (ECGFounder)
| Feature                      |    Value |  Benchmark |      Gap |
  *ED_unbiased = 0.142401 (eff = 0.142401).  Scale = 0.1500.  Score = 1/(1+ED_eff/scale).  Lower ED = more similar.*
  *Generated embeddings are +0.064 from the reference centroid.*
  *Gen spread is 1.09× reference spread.*
  *Reference pairwise similarity = 0.6720.  Near 1.0 indicates mode collapse.*
### Observations
- Moderate distribution discrepancy (score = 0.513).",,,,,,,,,LQT_seed3_007.txt
LQT,seed3,5,21,7,21,7,21,0.4901,0.4987,0.0086,temporal,,False,"Structural behavioral change; representative addition: """"""Generates a standard symmetric Gaussian-shaped wave.""""""",,"# REFINEMENT: Introduced physiological T-wave asymmetry (slower upstroke,  · # faster downstroke) using an asymmetric Gaussian model. This specifically  · # improves the realism of the ST-T complex, particularly for LQT1 where the  · # broad T-wave now realistically slopes from the end of the QRS to the end  · # of the prolonged QT interval, and for LQT3 where the late peak is more  · # naturally shaped. This addresses morphological discrepancies in repolarization.","# REFINEMENT: Calibrated electrophysiological parameters (electrical axes,  · # vector magnitudes, and wave widths) to correct morphological discrepancies.  · # Specifically, constrained the R and T wave axes to prevent unrealistic  · # projections (e.g., inverted T-waves in Lead I), balanced the R/T amplitude  · # ratio by reducing excessive R-wave heights, ensured consistent Q and S waves,  · # and sharpened the QRS complex. LQT2 and LQT3 T-wave shapes were also refined ",2 mechanically matched numeric changes,"## ECG Representation-Space Discrepancy Report (ECGFounder)
| Feature                      |    Value |  Benchmark |      Gap |
  *ED_unbiased = 0.156060 (eff = 0.156060).  Scale = 0.1500.  Score = 1/(1+ED_eff/scale).  Lower ED = more similar.*
  *Generated embeddings are +0.054 from the reference centroid.*
  *Gen spread is 1.08× reference spread.*
  *Reference pairwise similarity = 0.6720.  Near 1.0 indicates mode collapse.*
### Observations
- Moderate distribution discrepancy (score = 0.490).",,,,,,,,,LQT_seed3_021.txt
LQT,seed3,6,39,21,39,21,39,0.4987,0.52047,0.02177,recording process,,False,"Structural behavioral change; representative addition: def generate_pink_noise(N, fs):",,"# REFINEMENT: Implemented exact physiological QT interval mapping. The QT  · # interval is now deterministically measured from the calculated Q-wave onset  · # (q_offset - 2.5*q_width). For LQT1, the broad T-wave is dynamically scaled  · # to span exactly from the S-wave offset to the QT end, ensuring a perfectly  · # physiological ST-T complex. Additionally, synthetic baseline wander was  · # replaced with a 1/f (pink noise) model to better match the spectral ","# REFINEMENT: Introduced physiological T-wave asymmetry (slower upstroke,  · # faster downstroke) using an asymmetric Gaussian model. This specifically  · # improves the realism of the ST-T complex, particularly for LQT1 where the  · # broad T-wave now realistically slopes from the end of the QRS to the end  · # of the prolonged QT interval, and for LQT3 where the late peak is more  · # naturally shaped. This addresses morphological discrepancies in repolarization.",11 mechanically matched numeric changes,"## ECG Representation-Space Discrepancy Report (ECGFounder)
| Feature                      |    Value |  Benchmark |      Gap |
  *ED_unbiased = 0.150780 (eff = 0.150780).  Scale = 0.1500.  Score = 1/(1+ED_eff/scale).  Lower ED = more similar.*
  *Generated embeddings are +0.045 from the reference centroid.*
  *Gen spread is 1.07× reference spread.*
  *Reference pairwise similarity = 0.6720.  Near 1.0 indicates mode collapse.*
### Observations
- Moderate distribution discrepancy (score = 0.499).",pink_noise_baseline_wander,Replaced deterministic sinusoidal baseline wander with a 1/f pink noise model generated via FFT to better simulate the spectral characteristics of physiological baseline drift.,"def generate_pink_noise(N, fs):",,,,,,LQT_seed3_039.txt
LQT,seed3,7,40,39,40,39,40,0.52047,0.54995,0.02948,recording process,,False,Structural behavioral change; representative addition: X[0] = 0.0  # Explicitly remove DC component to prevent massive offsets,,"# REFINEMENT: Fixed a critical bug in the pink noise generator that introduced  · # a massive DC offset, which previously caused severe scaling artifacts and  · # flatlines in the generated signals. Adjusted QRS widths to be slightly more  · # physiological (less artificially sharp) and refined the LQT2 notch distance  · # to better match clinical presentations. ·     X[0] = 0.0  # Explicitly remove DC component to prevent massive offsets","# REFINEMENT: Implemented exact physiological QT interval mapping. The QT  · # interval is now deterministically measured from the calculated Q-wave onset  · # (q_offset - 2.5*q_width). For LQT1, the broad T-wave is dynamically scaled  · # to span exactly from the S-wave offset to the QT end, ensuring a perfectly  · # physiological ST-T complex. Additionally, synthetic baseline wander was  · # replaced with a 1/f (pink noise) model to better match the spectral ",7 mechanically matched numeric changes,"## ECG Representation-Space Discrepancy Report (ECGFounder)
| Feature                      |    Value |  Benchmark |      Gap |
  *ED_unbiased = 0.138200 (eff = 0.138200).  Scale = 0.1500.  Score = 1/(1+ED_eff/scale).  Lower ED = more similar.*
  *Generated embeddings are +0.025 from the reference centroid.*
  *Gen spread is 0.88× reference spread.*
  *Reference pairwise similarity = 0.6720.  Near 1.0 indicates mode collapse.*
### Observations
- Moderate distribution discrepancy (score = 0.520).",zero_dc_component_pink_noise,Explicitly setting the zero-frequency (DC) component of the Fourier transform to zero prevents massive baseline offsets and scaling artifacts in the generated pink noise.,X[0] = 0.0,,,,,,LQT_seed3_040.txt
LQT,seed3,8,54,40,54,40,54,0.54995,0.5287,-0.02125,calibration,,True,Adjusts scalar ranges or constants without changing the signal-generation structure.,,# REFINEMENT: Reduced artificial high-frequency noise to better match the  · # smooth baseline of real clinical recordings. Adjusted QRS proportions  · # (slightly wider and lower max amplitude) to prevent unrealistic QRS-to-T  · # wave ratios. Enhanced the distinctness of the LQT2 bifid T-wave and  · # expanded the variance of electrical axes to increase physiological diversity  · # and address inter-sample similarity discrepancies.,"# REFINEMENT: Fixed a critical bug in the pink noise generator that introduced  · # a massive DC offset, which previously caused severe scaling artifacts and  · # flatlines in the generated signals. Adjusted QRS widths to be slightly more  · # physiological (less artificially sharp) and refined the LQT2 notch distance  · # to better match clinical presentations. ·     t_axis = r_axis + np.random.uniform(-15, 30) * np.pi / 180.0",5 mechanically matched numeric changes,"## ECG Representation-Space Discrepancy Report (ECGFounder)
| Feature                      |    Value |  Benchmark |      Gap |
  *ED_unbiased = 0.122750 (eff = 0.122750).  Scale = 0.1500.  Score = 1/(1+ED_eff/scale).  Lower ED = more similar.*
  *Generated embeddings are +0.016 from the reference centroid.*
  *Gen spread is 0.89× reference spread.*
  *Reference pairwise similarity = 0.6720.  Near 1.0 indicates mode collapse.*
### Observations
- Moderate distribution discrepancy (score = 0.550).",,,,,,,,,LQT_seed3_054.txt
LQT,seed3,9,55,54,55,54,55,0.5287,0.56888,0.04018,recording process,,False,"Structural behavioral change; representative addition: def generate_brown_noise(N, fs):",,"# REFINEMENT: Replaced the 1/f (pink) noise model with a 1/f^2 (brown) noise  · # model to generate smooth, realistic baseline wander and eliminate unrealistic  · # high-frequency fuzziness. Increased the variance of electrical axes, heart  · # rates, and T-wave asymmetry to address inter-sample similarity discrepancies  · # and better reflect physiological diversity. · def generate_brown_noise(N, fs):",# REFINEMENT: Reduced artificial high-frequency noise to better match the  · # smooth baseline of real clinical recordings. Adjusted QRS proportions  · # (slightly wider and lower max amplitude) to prevent unrealistic QRS-to-T  · # wave ratios. Enhanced the distinctness of the LQT2 bifid T-wave and  · # expanded the variance of electrical axes to increase physiological diversity  · # and address inter-sample similarity discrepancies.,16 mechanically matched numeric changes,"## ECG Representation-Space Discrepancy Report (ECGFounder)
| Feature                      |    Value |  Benchmark |      Gap |
  *ED_unbiased = 0.133714 (eff = 0.133714).  Scale = 0.1500.  Score = 1/(1+ED_eff/scale).  Lower ED = more similar.*
  *Generated embeddings are +0.022 from the reference centroid.*
  *Gen spread is 0.87× reference spread.*
  *Reference pairwise similarity = 0.6720.  Near 1.0 indicates mode collapse.*
### Observations
- Moderate distribution discrepancy (score = 0.529).",use_brown_noise_baseline,"Replaces pink noise (1/f) with brown noise (1/f^2) by dividing the frequency spectrum by f instead of the square root of f, generating a smoother, more realistic baseline wander without high-frequency artifacts.",X = X / f,,,,,,LQT_seed3_055.txt
LQT,seed3,10,58,55,58,55,58,0.56888,0.58625,0.01738,heterogeneity,,False,Structural behavioral change; representative addition: sigma_t = t_duration / 5.0,,"# REFINEMENT: Fixed a critical lead-assignment bug in LQT2 synthesis where the  · # two peaks of the notched T-wave were erroneously split between Lead I and Lead II.  · # Both peaks are now correctly projected onto both leads. Additionally, updated  · # the LQT1 T-wave morphology to be broad and symmetrical, aligning with the  · # clinical blueprint specifications. Adjusted T-wave amplitudes across all subtypes  · # to better match physiological ranges.","# REFINEMENT: Replaced the 1/f (pink) noise model with a 1/f^2 (brown) noise  · # model to generate smooth, realistic baseline wander and eliminate unrealistic  · # high-frequency fuzziness. Increased the variance of electrical axes, heart  · # rates, and T-wave asymmetry to address inter-sample similarity discrepancies  · # and better reflect physiological diversity. ·             # LQT1: Broad-based, asymmetrical T wave occupying the entire ST segment",5 mechanically matched numeric changes,"## ECG Representation-Space Discrepancy Report (ECGFounder)
| Feature                      |    Value |  Benchmark |      Gap |
  *ED_unbiased = 0.113677 (eff = 0.113677).  Scale = 0.1500.  Score = 1/(1+ED_eff/scale).  Lower ED = more similar.*
  *Generated embeddings are +0.047 from the reference centroid.*
  *Gen spread is 1.07× reference spread.*
  *Reference pairwise similarity = 0.6720.  Near 1.0 indicates mode collapse.*
### Observations
- Moderate distribution discrepancy (score = 0.569).",,,,,,,,,LQT_seed3_058.txt
LQT,seed3,11,85,58,85,58,85,0.58625,0.57734,-0.00892,calibration,,True,Adjusts scalar ranges or constants without changing the signal-generation structure.,,"# REFINEMENT: Constrained the electrical axes for the P, R, and T waves to a  · # normal physiological range (40 to 70 degrees). Previously, the T-wave axis  · # could deviate up to +/- 60 degrees from the R-wave axis, frequently resulting  · # in inverted or near-zero T-waves in Lead I or Lead II. This violated the  · # clinical blueprint, which relies on distinct, positive T-wave morphologies  · # in these leads to manifest the LQTS subtypes. This change ensures consistent, ","# REFINEMENT: Fixed a critical lead-assignment bug in LQT2 synthesis where the  · # two peaks of the notched T-wave were erroneously split between Lead I and Lead II.  · # Both peaks are now correctly projected onto both leads. Additionally, updated  · # the LQT1 T-wave morphology to be broad and symmetrical, aligning with the  · # clinical blueprint specifications. Adjusted T-wave amplitudes across all subtypes  · # to better match physiological ranges.",2 mechanically matched numeric changes,"## ECG Representation-Space Discrepancy Report (ECGFounder)
| Feature                      |    Value |  Benchmark |      Gap |
  *ED_unbiased = 0.105861 (eff = 0.105861).  Scale = 0.1500.  Score = 1/(1+ED_eff/scale).  Lower ED = more similar.*
  *Generated embeddings are +0.038 from the reference centroid.*
  *Gen spread is 1.11× reference spread.*
  *Reference pairwise similarity = 0.6720.  Near 1.0 indicates mode collapse.*
### Observations
- Moderate distribution discrepancy (score = 0.586).",,,,,,,,,LQT_seed3_085.txt
LQT,seed3,12,88,85,88,85,88,0.57734,0.5937,0.01636,calibration,,True,Adjusts scalar ranges or constants without changing the signal-generation structure.,,"# REFINEMENT: Corrected the QRS complex duration to align with the clinical  · # blueprint (80-100 ms). Previously, the Gaussian widths and offsets for the  · # Q, R, and S waves were too large, resulting in abnormally wide QRS complexes  · # (~150 ms) that visually resembled bundle branch blocks rather than normal  · # sinus rhythm. By narrowing these parameters, the simulator now produces the  · # sharp, narrow QRS complexes characteristic of typical LQTS patients, improving ","# REFINEMENT: Constrained the electrical axes for the P, R, and T waves to a  · # normal physiological range (40 to 70 degrees). Previously, the T-wave axis  · # could deviate up to +/- 60 degrees from the R-wave axis, frequently resulting  · # in inverted or near-zero T-waves in Lead I or Lead II. This violated the  · # clinical blueprint, which relies on distinct, positive T-wave morphologies  · # in these leads to manifest the LQTS subtypes. This change ensures consistent, ",,"## ECG Representation-Space Discrepancy Report (ECGFounder)
| Feature                      |    Value |  Benchmark |      Gap |
  *ED_unbiased = 0.109814 (eff = 0.109814).  Scale = 0.1500.  Score = 1/(1+ED_eff/scale).  Lower ED = more similar.*
  *Generated embeddings are +0.024 from the reference centroid.*
  *Gen spread is 1.11× reference spread.*
  *Reference pairwise similarity = 0.6720.  Near 1.0 indicates mode collapse.*
### Observations
- Moderate distribution discrepancy (score = 0.577).",,,,,,,,,LQT_seed3_088.txt
WPW,seed1,1,2,0,2,0,2,0.36387,0.46326,0.09939,recording process,,False,Structural behavioral change; representative addition: 1. Shortened PR interval (80-110 ms) due to accessory pathway bypass.,,"    1. Shortened PR interval (80-110 ms) due to accessory pathway bypass. ·     # Temporal parameters (consistent across leads for physiological accuracy) ·     # WPW Hallmark: Delta wave positioned to create a slurred upstroke fusing with the R-wave ·     delta_mu = rng.uniform(-0.07, -0.05) ·     delta_sigma = rng.uniform(0.022, 0.028) ·     ","    1. Shortened PR interval (< 120 ms) due to accessory pathway bypass. ·     # WPW Hallmark: Short PR interval ·     # Normal is 0.12 - 0.20s. WPW is typically 0.08 - 0.11s. ·     p_mu = -pr_interval ·         # Base parameters for normal-ish conduction (Amplitude, Center, Width) ·         # Centers are relative to the R peak (0.0)",10 mechanically matched numeric changes,"## ECG Representation-Space Discrepancy Report (ECGFounder)
| Feature                      |    Value |  Benchmark |      Gap |
  *ED_unbiased = 0.262235 (eff = 0.262235).  Scale = 0.1500.  Score = 1/(1+ED_eff/scale).  Lower ED = more similar.*
  *Generated embeddings are +0.057 from the reference centroid.*
  *Gen spread is 0.49× reference spread.*
  *Reference pairwise similarity = 0.5314.  Near 1.0 indicates mode collapse.*
### Observations
- Moderate distribution discrepancy (score = 0.364).",synchronize_temporal_parameters_across_leads,Moves the randomization of temporal parameters outside the lead iteration loop to ensure physiological synchrony across multiple ECG leads.,# Temporal parameters (consistent across leads for physiological accuracy),,,,,,WPW_seed1_002.txt
WPW,seed1,2,4,2,4,2,4,0.46326,0.54048,0.07722,temporal,,False,"Structural behavioral change; representative addition: 1. Variable degree of pre-excitation coupling PR interval, delta wave, and QRS width.",,"    1. Variable degree of pre-excitation coupling PR interval, delta wave, and QRS width. ·     6. Intermittent WPW with beat-to-beat variability in pre-excitation. ·     # Global physiological parameters defining the severity of the condition ·     pre_excitation_base = rng.uniform(0.2, 1.0) ·     is_intermittent = rng.random() < 0.15 # 15% chance of intermittent WPW ·     r_mu = 0.0",     ·     Parameters: ·     x : array-like - Time vector ·     a : float - Amplitude ·     mu : float - Mean (center) ·     sigma : float - Standard deviation (width),9 mechanically matched numeric changes,"## ECG Representation-Space Discrepancy Report (ECGFounder)
| Feature                      |    Value |  Benchmark |      Gap |
  *ED_unbiased = 0.173794 (eff = 0.173794).  Scale = 0.1500.  Score = 1/(1+ED_eff/scale).  Lower ED = more similar.*
  *Generated embeddings are +0.000 from the reference centroid.*
  *Gen spread is 0.52× reference spread.*
  *Reference pairwise similarity = 0.5314.  Near 1.0 indicates mode collapse.*
### Observations
- Moderate distribution discrepancy (score = 0.463).",dynamic_severity_blending,Blends normal and pathological waveform components proportionally based on a continuous severity parameter.,b_t_a = normal_t_a * (1 - bp['pre_ex']) + discordant_t * bp['pre_ex'],,,,,,WPW_seed1_004.txt
WPW,seed1,3,7,4,7,4,7,0.54048,0.5543,0.01382,heterogeneity,,False,Structural behavioral change; representative addition: 1. Continuous 2D vector projection for infinite morphological diversity (addresses mode collapse).,,    1. Continuous 2D vector projection for infinite morphological diversity (addresses mode collapse). ·     4. Delta wave (slurred upstroke of QRS) seamlessly blended with the R-wave. ·     6. Secondary ST-T wave abnormalities (strictly discordant to the QRS vector). ·     7. Intermittent WPW with beat-to-beat variability and axis normalization. ·     # Bazett's formula for approximate T-wave placement based on heart rate ·     qt_mean = 0.38 * np.sqrt(rr_mean),"    3. Delta wave (slurred upstroke of QRS) due to early ventricular pre-excitation. ·     5. Secondary ST-T wave abnormalities (discordant to the delta/QRS vector). ·     6. Intermittent WPW with beat-to-beat variability in pre-excitation. ·     # Randomize WPW accessory pathway location to create diverse manifestations ·     # 0: Left lateral (Positive delta in I and II) ·     # 1: Posteroseptal (Positive in I, Negative delta in II - pseudo-inferior infarct)",7 mechanically matched numeric changes,"## ECG Representation-Space Discrepancy Report (ECGFounder)
| Feature                      |    Value |  Benchmark |      Gap |
  *ED_unbiased = 0.127532 (eff = 0.127532).  Scale = 0.1500.  Score = 1/(1+ED_eff/scale).  Lower ED = more similar.*
  *Generated embeddings are -0.038 from the reference centroid.*
  *Gen spread is 0.42× reference spread.*
  *Reference pairwise similarity = 0.5314.  Near 1.0 indicates mode collapse.*
### Observations
- Moderate distribution discrepancy (score = 0.540).",,,,,,,,,WPW_seed1_007.txt
WPW,seed1,4,11,7,11,7,11,0.5543,0.58101,0.0267,temporal,,False,Structural behavioral change; representative addition: 1. Continuous 3D-like vector projection (independent R and S axes) for infinite morphological diversity.,,    1. Continuous 3D-like vector projection (independent R and S axes) for infinite morphological diversity. ·     4. Delta wave (slurred upstroke of QRS) seamlessly blended with the R-wave to avoid notching. ·     6. Secondary ST-T wave abnormalities (strictly discordant to the main QRS vector). ·     t_mu_base = qt_mean - 0.12 # Target ~0.25s for 60bpm ·     # Delta axis: -90 to 150 degrees covers various accessory pathway locations ·     # QRS (R and S) axes are influenced by the pre-excitation vector,"    1. Continuous 2D vector projection for infinite morphological diversity (addresses mode collapse). ·     4. Delta wave (slurred upstroke of QRS) seamlessly blended with the R-wave. ·     6. Secondary ST-T wave abnormalities (strictly discordant to the QRS vector). ·     t_mu_base = qt_mean - 0.08 ·     # Delta axis: -90 to 120 degrees covers posteroseptal, right lateral, and left lateral pathways ·     # QRS axis is influenced by the pre-excitation vector",16 mechanically matched numeric changes,"## ECG Representation-Space Discrepancy Report (ECGFounder)
| Feature                      |    Value |  Benchmark |      Gap |
  *ED_unbiased = 0.120610 (eff = 0.120610).  Scale = 0.1500.  Score = 1/(1+ED_eff/scale).  Lower ED = more similar.*
  *Generated embeddings are -0.009 from the reference centroid.*
  *Gen spread is 0.67× reference spread.*
  *Reference pairwise similarity = 0.5314.  Near 1.0 indicates mode collapse.*
### Observations
- Moderate distribution discrepancy (score = 0.554).",independent_r_s_axes,"Replaces a single QRS axis with independent R and S vector axes to generate more realistic, continuous multi-lead morphological diversity.",r_a = qrs_mag * np.cos(bp['r_axis'] - lead_angle); s_a = s_mag * np.cos(bp['s_axis'] - lead_angle),,,,,,WPW_seed1_011.txt
WPW,seed2,1,1,0,1,0,1,0.36387,0.38251,0.01864,recording process,,False,Structural behavioral change; representative addition: - The delta wave is modeled with a wide Gaussian centered close to the R-wave to ensure fusion (no notching).,,"       - The delta wave is modeled with a wide Gaussian centered close to the R-wave to ensure fusion (no notching). ·     6. Variable degree of pre-excitation (competition between AV node and accessory pathway). ·     # 3: Anteroseptal (Positive delta in I and II, normal R) ·     pathway = rng.choice([0, 1, 2, 3]) ·     # Degree of pre-excitation (0.3 to 1.0) ·     # 1.0 = max pre-excitation (wide QRS, huge delta, short PR)","    pathway = rng.choice([0, 1, 2]) ·     # Heart rate and HRV ·     # Generate RR intervals with slight natural variability ·     rr_intervals = rng.normal(rr_mean, 0.02, int(duration / rr_mean) + 5) ·     # Shift first peak to start early in the recording ·     # WPW Hallmark: Short PR interval",20 mechanically matched numeric changes,"## ECG Representation-Space Discrepancy Report (ECGFounder)
| Feature                      |    Value |  Benchmark |      Gap |
  *ED_unbiased = 0.262235 (eff = 0.262235).  Scale = 0.1500.  Score = 1/(1+ED_eff/scale).  Lower ED = more similar.*
  *Generated embeddings are +0.057 from the reference centroid.*
  *Gen spread is 0.49× reference spread.*
  *Reference pairwise similarity = 0.5314.  Near 1.0 indicates mode collapse.*
### Observations
- Moderate distribution discrepancy (score = 0.364).",,,,,,,,,WPW_seed2_001.txt
WPW,seed2,2,2,1,2,1,2,0.38251,0.42946,0.04696,heterogeneity,,False,"Structural behavioral change; representative addition: def project_lead(mag, angle_deg, lead_angle_deg):",,"def project_lead(mag, angle_deg, lead_angle_deg): ·     """""" ·     Projects a 2D heart vector onto a specific ECG lead axis. ·      ·     Parameters: ·     mag : float - Magnitude of the vector","       - The delta wave is modeled with a wide Gaussian centered close to the R-wave to ensure fusion (no notching). ·     5. Variations in delta wave polarity based on accessory pathway location. ·     6. Variable degree of pre-excitation (competition between AV node and accessory pathway). ·     # Randomize WPW accessory pathway location to create diverse manifestations ·     # 0: Left lateral (Positive delta in I and II) ·     # 1: Posteroseptal (Positive in I, Negative delta in II - pseudo-inferior infarct)",9 mechanically matched numeric changes,"## ECG Representation-Space Discrepancy Report (ECGFounder)
| Feature                      |    Value |  Benchmark |      Gap |
  *ED_unbiased = 0.242149 (eff = 0.242149).  Scale = 0.1500.  Score = 1/(1+ED_eff/scale).  Lower ED = more similar.*
  *Generated embeddings are +0.000 from the reference centroid.*
  *Gen spread is 0.42× reference spread.*
  *Reference pairwise similarity = 0.5314.  Near 1.0 indicates mode collapse.*
### Observations
- Moderate distribution discrepancy (score = 0.383).",cardiac_vector_projection_modeling,Replaces independent per-lead amplitude generation with a 2D electrical axis model that projects cardiac vectors onto specific lead angles to ensure physiological consistency across leads.,mag * np.cos(angle_rad - lead_angle_rad),,,,,,WPW_seed2_002.txt
WPW,seed2,3,4,2,4,2,4,0.42946,0.48353,0.05407,heterogeneity,,False,Structural behavioral change; representative addition: *Refined to ensure true fusion (slurred upstroke) rather than a disconnected bump.*,,"       *Refined to ensure true fusion (slurred upstroke) rather than a disconnected bump.* ·        and Lead II (60 deg) while massively increasing morphological diversity. ·     # Delta wave shifted closer to R-wave and widened to ensure smooth fusion (slurred upstroke) ·     delta_width = rng.uniform(0.025, 0.035) ·     r_width = rng.uniform(0.01, 0.015) ·     discordance_shift = rng.uniform(120, 180) * pre_ex","       and Lead II (60 deg) while massively increasing morphological diversity (addressing mode collapse). ·     # Frontal plane angles: Lead I = 0 deg, Lead II = 60 deg ·     delta_width = rng.uniform(0.025, 0.04) * (0.7 + 0.3 * pre_ex) ·     r_width = rng.uniform(0.012, 0.018) * (1.0 - (1.0 - pre_ex) * 0.2) ·     discordance_shift = 180 * pre_ex ·     # Lead angles for projection",21 mechanically matched numeric changes,"## ECG Representation-Space Discrepancy Report (ECGFounder)
| Feature                      |    Value |  Benchmark |      Gap |
  *ED_unbiased = 0.199272 (eff = 0.199272).  Scale = 0.1500.  Score = 1/(1+ED_eff/scale).  Lower ED = more similar.*
  *Generated embeddings are +0.045 from the reference centroid.*
  *Gen spread is 0.69× reference spread.*
  *Reference pairwise similarity = 0.5314.  Near 1.0 indicates mode collapse.*
### Observations
- Moderate distribution discrepancy (score = 0.429).",explicit_st_segment_modeling,"Introduces an explicit Gaussian component to model the ST segment, ensuring physiological continuity between the QRS complex and the T-wave.",,,,,,,WPW_seed2_004.txt
WPW,seed2,4,5,4,5,4,5,0.48353,0.51268,0.02915,heterogeneity,,False,Structural behavioral change; representative addition: Refinements:,,"    Refinements: ·     1. Delta Wave Fusion: Moved the delta wave closer to the R-wave and widened it to ensure  ·        a strictly monotonically increasing slurred upstroke, eliminating the unnatural notch/bump. ·     2. Q-wave Removal: Removed the normal septal Q-wave, as the accessory pathway activation  ·        (delta wave) obscures it in WPW. If the delta wave is negative, it naturally acts as a pseudo-Q wave. ·     3. Increased Diversity: Expanded the ranges for vector angles, magnitudes, and heart rate to ",    Physiological characteristics modeled: ·     1. Shortened PR interval (< 120 ms) due to accessory pathway bypass. ·     2. Delta wave (slurred upstroke of QRS) due to early ventricular pre-excitation. ·        *Refined to ensure true fusion (slurred upstroke) rather than a disconnected bump.* ·     3. Widened QRS complex (fusion of pre-excitation and normal conduction). ·     4. Secondary ST-T wave abnormalities (discordant to the delta/QRS vector).,21 mechanically matched numeric changes,"## ECG Representation-Space Discrepancy Report (ECGFounder)
| Feature                      |    Value |  Benchmark |      Gap |
  *ED_unbiased = 0.160218 (eff = 0.160218).  Scale = 0.1500.  Score = 1/(1+ED_eff/scale).  Lower ED = more similar.*
  *Generated embeddings are +0.040 from the reference centroid.*
  *Gen spread is 0.76× reference spread.*
  *Reference pairwise similarity = 0.5314.  Near 1.0 indicates mode collapse.*
### Observations
- Moderate distribution discrepancy (score = 0.484).",remove_septal_q_wave,"Removes the septal Q-wave component from the ECG model, as the early ventricular pre-excitation (delta wave) in WPW syndrome obscures normal septal depolarization.","Removal of q_angle, q_mag, q_width, q_mu and the corresponding gaussian addition",,,,,,WPW_seed2_005.txt
WPW,seed2,5,11,5,11,5,11,0.51268,0.52165,0.00897,calibration,,True,Adjusts scalar ranges or constants without changing the signal-generation structure.,,"    1. Delta Wave Repositioning: Moved the delta wave earlier (mu around -0.05s) to properly  ·        model the distinct slurred upstroke of pre-excitation, rather than hiding it inside the R-wave. ·     2. P-wave Adjustment: Shifted the P-wave slightly earlier to maintain the characteristic  ·        short PR interval (80-110 ms) while accommodating the earlier delta wave. ·     3. S-wave Attenuation: Reduced the maximum amplitude of the S-wave to better match the  ·        typical dominant R-wave morphology seen in manifest WPW.","    1. Delta Wave Fusion: Moved the delta wave closer to the R-wave and widened it to ensure  ·        a strictly monotonically increasing slurred upstroke, eliminating the unnatural notch/bump. ·     2. Q-wave Removal: Removed the normal septal Q-wave, as the accessory pathway activation  ·        (delta wave) obscures it in WPW. If the delta wave is negative, it naturally acts as a pseudo-Q wave. ·     3. Increased Diversity: Expanded the ranges for vector angles, magnitudes, and heart rate to  ·        improve the spread ratio and reduce inter-sample similarity.",5 mechanically matched numeric changes,"## ECG Representation-Space Discrepancy Report (ECGFounder)
| Feature                      |    Value |  Benchmark |      Gap |
  *ED_unbiased = 0.142579 (eff = 0.142579).  Scale = 0.1500.  Score = 1/(1+ED_eff/scale).  Lower ED = more similar.*
  *Generated embeddings are +0.081 from the reference centroid.*
  *Gen spread is 0.96× reference spread.*
  *Reference pairwise similarity = 0.5314.  Near 1.0 indicates mode collapse.*
### Observations
- Moderate distribution discrepancy (score = 0.513).",,,,,,,,,WPW_seed2_011.txt
WPW,seed2,6,50,11,50,11,50,0.52165,0.54301,0.02137,calibration,,True,Adjusts scalar ranges or constants without changing the signal-generation structure.,,"    1. Delta Wave Fusion: Shifted the delta wave closer to the R-wave (mu from -0.06 to -0.03)  ·        and increased its width to ensure a smooth, slurred upstroke without notching. ·     2. R-wave Sharpness: Decreased the R-wave width to better contrast the high dv/dt peak  ·        with the low dv/dt delta wave. ·     3. S-wave Timing: Adjusted S-wave position and width to keep the total QRS duration  ·        within the target 120-160 ms range.","    1. Delta Wave Repositioning: Moved the delta wave earlier (mu around -0.05s) to properly  ·        model the distinct slurred upstroke of pre-excitation, rather than hiding it inside the R-wave. ·     2. P-wave Adjustment: Shifted the P-wave slightly earlier to maintain the characteristic  ·        short PR interval (80-110 ms) while accommodating the earlier delta wave. ·     3. S-wave Attenuation: Reduced the maximum amplitude of the S-wave to better match the  ·        typical dominant R-wave morphology seen in manifest WPW.",8 mechanically matched numeric changes,"## ECG Representation-Space Discrepancy Report (ECGFounder)
| Feature                      |    Value |  Benchmark |      Gap |
  *ED_unbiased = 0.137551 (eff = 0.137551).  Scale = 0.1500.  Score = 1/(1+ED_eff/scale).  Lower ED = more similar.*
  *Generated embeddings are +0.100 from the reference centroid.*
  *Gen spread is 0.97× reference spread.*
  *Reference pairwise similarity = 0.5314.  Near 1.0 indicates mode collapse.*
### Observations
- Moderate distribution discrepancy (score = 0.522).",adjust_delta_wave_fusion,"Shifting the delta wave closer to the R-wave and modifying its width and magnitude to ensure a smooth, slurred upstroke without notching.","delta_mu = rng.uniform(-0.035, -0.02)",,,,,,WPW_seed2_050.txt
WPW,seed3,1,2,0,2,0,2,0.36387,0.51001,0.14614,temporal,,False,"Structural behavioral change; representative addition: axis_scale_I = rng.uniform(0.7, 1.3)",,"    # Heart rate and HRV (widened range for more diversity) ·     # Random electrical axis shift to increase inter-sample diversity ·     axis_scale_I = rng.uniform(0.7, 1.3) ·     axis_scale_II = rng.uniform(0.7, 1.3) ·         # Base parameters for conduction (Amplitude, Center, Width) ·         p_sigma = rng.uniform(0.015, 0.02)","    # Heart rate and HRV ·     # WPW Hallmark: Short PR interval ·     # Normal is 0.12 - 0.20s. WPW is typically 0.08 - 0.11s. ·     pr_interval = rng.uniform(0.08, 0.11) ·     p_mu = -pr_interval ·         # Base parameters for normal-ish conduction (Amplitude, Center, Width)",12 mechanically matched numeric changes,"## ECG Representation-Space Discrepancy Report (ECGFounder)
| Feature                      |    Value |  Benchmark |      Gap |
  *ED_unbiased = 0.262235 (eff = 0.262235).  Scale = 0.1500.  Score = 1/(1+ED_eff/scale).  Lower ED = more similar.*
  *Generated embeddings are +0.057 from the reference centroid.*
  *Gen spread is 0.49× reference spread.*
  *Reference pairwise similarity = 0.5314.  Near 1.0 indicates mode collapse.*
### Observations
- Moderate distribution discrepancy (score = 0.364).",asymmetric_t_wave_modeling,"Creates a more realistic, asymmetric T wave morphology by summing a primary Gaussian peak with a delayed, wider secondary Gaussian tail.","lead_signal += gaussian(t, t_a * 0.4 * beat_var, r_time + t_mu + 0.04, t_sigma * 1.3)",,,,,,WPW_seed3_002.txt
WPW,seed3,2,4,2,4,2,4,0.51001,0.53652,0.02651,calibration,,True,Adjusts scalar ranges or constants without changing the signal-generation structure.,,"    # Random electrical axis shift to increase inter-sample diversity significantly ·         s_sigma = rng.uniform(0.01, 0.015) # Sharper S wave ·         # Shifted closer to R wave and widened to ensure a smooth slurred upstroke (fusion) rather than a notch ·         st_sigma = rng.uniform(0.06, 0.08) # Wider to create a flatter ST segment ·         # Adjust morphology based on the accessory pathway location with widened amplitude ranges ·             # Delay reduced to 0.02 to prevent bifid T waves while maintaining asymmetry","    # Random electrical axis shift to increase inter-sample diversity ·         s_sigma = rng.uniform(0.015, 0.02) ·         # Replaces the Q-wave to prevent artificial notches and create a smooth slurred upstroke ·         st_sigma = rng.uniform(0.04, 0.06) ·         # Adjust morphology based on the accessory pathway location ·         # 1. Complex low frequency baseline wander",39 mechanically matched numeric changes,"## ECG Representation-Space Discrepancy Report (ECGFounder)
| Feature                      |    Value |  Benchmark |      Gap |
  *ED_unbiased = 0.144114 (eff = 0.144114).  Scale = 0.1500.  Score = 1/(1+ED_eff/scale).  Lower ED = more similar.*
  *Generated embeddings are +0.023 from the reference centroid.*
  *Gen spread is 0.64× reference spread.*
  *Reference pairwise similarity = 0.5314.  Near 1.0 indicates mode collapse.*
### Observations
- Moderate distribution discrepancy (score = 0.510).",reduce_t_wave_bifurcation,Decreases the temporal delay and width of the secondary Gaussian component in the T wave to maintain asymmetry while preventing artificial bifid morphology.,"lead_signal += gaussian(t, t_a * 0.4 * beat_var, r_time + t_mu + 0.02, t_sigma * 1.2)",,,,,,WPW_seed3_004.txt
WPW,seed3,3,13,4,13,4,13,0.53652,0.59142,0.0549,recording process,,False,Structural behavioral change; representative addition: num_beats = int(duration / rr_mean) + 5,,"    # Heart rate and HRV ·     # Generate RR intervals with Respiratory Sinus Arrhythmia (RSA) to increase diversity ·     num_beats = int(duration / rr_mean) + 5 ·     resp_freq = rng.uniform(0.2, 0.35) ·     t_beats = np.arange(num_beats) * rr_mean ·     rsa_modulation = rng.uniform(0.02, 0.06) * np.sin(2 * np.pi * resp_freq * t_beats)","    # Heart rate and HRV (widened range for more diversity) ·     # Generate RR intervals with slight natural variability ·     rr_intervals = rng.normal(rr_mean, 0.03, int(duration / rr_mean) + 5) ·     # Random electrical axis shift to increase inter-sample diversity significantly ·     axis_scale_I = rng.uniform(0.4, 1.6) ·     axis_scale_II = rng.uniform(0.4, 1.6)",32 mechanically matched numeric changes,"## ECG Representation-Space Discrepancy Report (ECGFounder)
| Feature                      |    Value |  Benchmark |      Gap |
  *ED_unbiased = 0.129580 (eff = 0.129580).  Scale = 0.1500.  Score = 1/(1+ED_eff/scale).  Lower ED = more similar.*
  *Generated embeddings are +0.057 from the reference centroid.*
  *Gen spread is 0.70× reference spread.*
  *Reference pairwise similarity = 0.5314.  Near 1.0 indicates mode collapse.*
### Observations
- Moderate distribution discrepancy (score = 0.537).",add_respiratory_sinus_arrhythmia,"Introduces respiratory sinus arrhythmia by modulating RR intervals with a sinusoidal function tied to the respiratory frequency, enhancing the physiological realism of heart rate variability.","rsa_modulation = rng.uniform(0.02, 0.06) * np.sin(2 * np.pi * resp_freq * t_beats)",,,,,,WPW_seed3_013.txt
WPW,seed3,4,39,13,39,13,39,0.59142,0.60195,0.01054,temporal,,False,Structural behavioral change; representative addition: p_mu = delta_mu - pr_interval - 2*delta_sigma + 2*p_sigma,,"        # Clinically measured from P onset to QRS (Delta) onset. ·         # P onset ≈ p_mu - 2*p_sigma. Delta onset ≈ delta_mu - 2*delta_sigma. ·         # Therefore, p_mu = delta_mu - PR - 2*delta_sigma + 2*p_sigma ·         p_mu = delta_mu - pr_interval - 2*delta_sigma + 2*p_sigma ·         # Adjust morphology based on the accessory pathway location with expanded realistic amplitude ranges ·                 delta_a = rng.uniform(0.1, 0.35)","        p_mu = delta_mu - pr_interval ·         # Adjust morphology based on the accessory pathway location with realistic amplitude ranges ·         elif pathway == 1: # Posteroseptal ·             if lead_idx == 0: # Lead I ·                 delta_a = rng.uniform(0.05, 0.25) ·                 r_a = rng.uniform(0.4, 1.2)",19 mechanically matched numeric changes,"## ECG Representation-Space Discrepancy Report (ECGFounder)
| Feature                      |    Value |  Benchmark |      Gap |
  *ED_unbiased = 0.103629 (eff = 0.103629).  Scale = 0.1500.  Score = 1/(1+ED_eff/scale).  Lower ED = more similar.*
  *Generated embeddings are +0.025 from the reference centroid.*
  *Gen spread is 0.62× reference spread.*
  *Reference pairwise similarity = 0.5314.  Near 1.0 indicates mode collapse.*
### Observations
- Moderate distribution discrepancy (score = 0.591).",,,,,,,,,WPW_seed3_039.txt
WPW,seed3,5,51,39,51,39,51,0.60195,0.65106,0.04911,calibration,,True,Adjusts scalar ranges or constants without changing the signal-generation structure.,,        # Narrower sigma and closer mu to prevent overly bizarre/wide QRS complexes ·         # Adjust morphology based on the accessory pathway location with refined realistic amplitude ranges,        # Adjust morphology based on the accessory pathway location with expanded realistic amplitude ranges,41 mechanically matched numeric changes,"## ECG Representation-Space Discrepancy Report (ECGFounder)
| Feature                      |    Value |  Benchmark |      Gap |
  *ED_unbiased = 0.099190 (eff = 0.099190).  Scale = 0.1500.  Score = 1/(1+ED_eff/scale).  Lower ED = more similar.*
  *Generated embeddings are +0.030 from the reference centroid.*
  *Gen spread is 0.57× reference spread.*
  *Reference pairwise similarity = 0.5314.  Near 1.0 indicates mode collapse.*
### Observations
- Moderate distribution discrepancy (score = 0.602).",restrict_waveform_parameter_ranges,"Narrows the uniform distribution ranges for wave amplitudes, temporal widths, and baseline noise to prevent the generation of unrealistically extreme or bizarre ECG waveforms.","r_a = rng.uniform(0.5, 1.2)",,,,,,WPW_seed3_051.txt
WPW,seed3,6,69,51,69,51,69,0.65106,0.64821,-0.00285,recording process,,False,"Structural behavioral change; representative addition: amp_scale = rng.uniform(0.4, 2.0)",,"    # Global amplitude scale for this patient to significantly increase inter-sample variance ·     # and address the low spread ratio in the representation space. ·     amp_scale = rng.uniform(0.4, 2.0) ·      ·         p_a = rng.uniform(0.05, 0.20) * amp_scale ·         r_sigma = rng.uniform(0.008, 0.015) ","        p_a = rng.uniform(0.05, 0.15) ·         r_sigma = rng.uniform(0.008, 0.012) # Sharper R wave to contrast with the slurred delta wave ·         u_a = rng.uniform(0.0, 0.02) ·         # Narrower sigma and closer mu to prevent overly bizarre/wide QRS complexes ·         # P onset ≈ p_mu - 2*p_sigma. Delta onset ≈ delta_mu - 2*delta_sigma. ·         # Therefore, p_mu = delta_mu - PR - 2*delta_sigma + 2*p_sigma",48 mechanically matched numeric changes,"## ECG Representation-Space Discrepancy Report (ECGFounder)
| Feature                      |    Value |  Benchmark |      Gap |
  *ED_unbiased = 0.080393 (eff = 0.080393).  Scale = 0.1500.  Score = 1/(1+ED_eff/scale).  Lower ED = more similar.*
  *Generated embeddings are -0.005 from the reference centroid.*
  *Gen spread is 0.54× reference spread.*
  *Reference pairwise similarity = 0.5314.  Near 1.0 indicates mode collapse.*
### Observations
- Moderate distribution discrepancy (score = 0.651).",,,,,,,,,WPW_seed3_069.txt
WPW,seed3,7,72,69,72,69,72,0.64821,0.65251,0.0043,calibration,,True,Adjusts scalar ranges or constants without changing the signal-generation structure.,,"    # Global amplitude scale for this patient to increase inter-sample variance ·         # Positioned closer to the R peak to ensure a true slurred upstroke (fusion)  ·         # rather than a distinct notch or separate bump. ·         # Adjust morphology based on the accessory pathway location with realistic amplitude ranges ·                 r_a = rng.uniform(0.5, 1.2) ·                 s_a = rng.uniform(-0.15, 0.0)","    # Global amplitude scale for this patient to significantly increase inter-sample variance ·     # and address the low spread ratio in the representation space. ·         # Positioned precisely to ensure a smooth slurred upstroke (fusion) rather than a distinct notch ·         # Adjust morphology based on the accessory pathway location with widened realistic amplitude ranges ·             else: # Lead II ·                 delta_a = rng.uniform(0.1, 0.4)",18 mechanically matched numeric changes,"## ECG Representation-Space Discrepancy Report (ECGFounder)
| Feature                      |    Value |  Benchmark |      Gap |
  *ED_unbiased = 0.081406 (eff = 0.081406).  Scale = 0.1500.  Score = 1/(1+ED_eff/scale).  Lower ED = more similar.*
  *Generated embeddings are +0.039 from the reference centroid.*
  *Gen spread is 0.68× reference spread.*
  *Reference pairwise similarity = 0.5314.  Near 1.0 indicates mode collapse.*
### Observations
- Moderate distribution discrepancy (score = 0.648).",,,,,,,,,WPW_seed3_072.txt
